status,handle,forecaster,fc_id,fc_platform,ticker,direction,kind,target,window_days,tweet_date,source_url,quote
WOULD_INSERT,AsafNaamani,Asaf Naamani,9809,institutional,ASTS,bullish,position_disclosure,,365,2026-06-01,https://x.com/AsafNaamani/status/2061508770153288075,"$ASTS

ADDED to my position today at $104.65.

At the same time, I raised my stop on the entire position to protect my gains.

That’s how I prefer to manage winners:

Add when the setup justifies it.
"
WOULD_INSERT,AsafNaamani,Asaf Naamani,9809,institutional,ASTS,bullish,price_target,155.45,90,2026-06-02,https://x.com/AsafNaamani/status/2061810286852534369,"$ASTS

Shared my first position at $67.

Price then ran to $133.

Last session, I shared adding again at $104.65 after the successful retest of $102.79.

Price is up +8% today from that add.

Wave 5 t"
WOULD_INSERT,AsafNaamani,Asaf Naamani,9809,institutional,MP,bullish,price_target,178.8,365,2026-06-02,https://x.com/AsafNaamani/status/2061839340162933215,"$MP | IMPORTANT TO WATCH

Right now, everyone should be watching one level:

$72.93.

It is both the Wave B high and part of the battle against the downtrend.

Clear it, and the path toward the next t"
WOULD_INSERT,AsafNaamani,Asaf Naamani,9809,institutional,IREN,bullish,price_target,151.45,90,2026-06-03,https://x.com/AsafNaamani/status/2062134488449064982,"Technically:

$IREN flipped the $58.75-$63.59 zone into support.

Price is now +6% pre-market.

The breakout held.
The retest held.
That is bullish.

Our Wave 3 price target remains UNCHANGED:
$151.45"
WOULD_INSERT,AsafNaamani,Asaf Naamani,9809,institutional,CIFR,bullish,price_target,46.01,90,2026-06-03,https://x.com/AsafNaamani/status/2062137389162656247,"$CIFR | +125% Gain

Closed last session ABOVE all-time highs. 

The bears were focused on the noise.
The bulls were focused on making gains.

+125% since our shared reversal zone.

And more room to th"
WOULD_INSERT,AsafNaamani,Asaf Naamani,9809,institutional,ONDS,bullish,position_disclosure,,365,2026-06-03,https://x.com/AsafNaamani/status/2062198184080822343,"$ONDS 

Added to my long term position today at $11.71."
WOULD_INSERT,AsafNaamani,Asaf Naamani,9809,institutional,IREN,bullish,price_target,151.45,90,2026-06-04,https://x.com/AsafNaamani/status/2062555909746774220,"$IREN | Bullish Setup Update

Price continues to hold the important $58.75-$63.59 zone, and buyers are clearly defending it so far.

Holding this area and flipping $63.59 into support would be a stron"
WOULD_INSERT,AsafNaamani,Asaf Naamani,9809,institutional,ONDS,bullish,price_target,24.27,90,2026-06-04,https://x.com/AsafNaamani/status/2062557676278526432,"$ONDS | Bullish Setup Update

Yesterday’s pullback was tough. But in this market, things can change very fast.

Price broke out the major $11.20-$11.70 resistance zone, ran to $14.33, and then came ba"
WOULD_INSERT,AsafNaamani,Asaf Naamani,9809,institutional,ASTS,bullish,price_target,145.45,90,2026-06-04,https://x.com/AsafNaamani/status/2062579105724330325,"$ASTS | Bullish Wave Update

Bulls continue to defend the $102.70 level, which was the 2025 high.

Holding above this level is a bullish sign and keeps the structure intact.

As long as buyers continu"
WOULD_INSERT,AsafNaamani,Asaf Naamani,9809,institutional,CIFR,bullish,price_target,46.01,90,2026-06-04,https://x.com/AsafNaamani/status/2062580176001646679,"$CIFR | Bullish Setup Update

Very straightforward here.

Price broke above its all-time high, pulled back, and buyers are already stepping in.

$25.19 is the key breakout level to watch.

Wave 5 targ"
WOULD_INSERT,AsafNaamani,Asaf Naamani,9809,institutional,ONDS,bullish,price_target,24.27,90,2026-06-08,https://x.com/AsafNaamani/status/2063959045875118191,"$ONDS | Update

First, the bullish structure is definitely still intact.

I have a position, and I don’t plan to sell as long as the structure holds.

Last session closed right above the Volume Profil"
WOULD_INSERT,AsafNaamani,Asaf Naamani,9809,institutional,IREN,bullish,price_target,151.45,90,2026-06-08,https://x.com/AsafNaamani/status/2063960859190174168,"$IREN | Bullish Setup Update

The bullish structure is definitely INTACT, while long term wave 3 target is $151.45.

I have a position.

It wasn’t fun last session, but buyers stepped in before the cl"
WOULD_INSERT,AsafNaamani,Asaf Naamani,9809,institutional,ASTS,bullish,price_target,155.45,90,2026-06-08,https://x.com/AsafNaamani/status/2063962725353427415,"$ASTS | Bullish Wave Update

Price printed a new all-time high, hit Fib level 1 of the uptrend wave, and then pulled back.

Hitting Fib 1 and pulling back is something that happens many times in stron"
WOULD_INSERT,AsafNaamani,Asaf Naamani,9809,institutional,CIFR,bullish,price_target,46.01,90,2026-06-08,https://x.com/AsafNaamani/status/2064000441143234815,"$CIFR | Bullish Setup Update

$CIFR broke out to a new all-time high, pulled back, and found support at the $22.97 level +MA21.

The breakout price is $25.52.

Long term wave 3 target is $46.01. https"
WOULD_INSERT,CAGThe3rd,Carlos Garcia Tapia,9767,institutional,TSLA,bullish,price_target,450.0,90,2026-05-23,https://x.com/CAGThe3rd/status/2058330624457343399,"$TSLA gapping up. 

$433

Let’s open it $450+ on Tuesday https://t.co/lVnDc2DPDt"
WOULD_INSERT,CAGThe3rd,Carlos Garcia Tapia,9767,institutional,TSLA,bullish,price_target,500.0,90,2026-05-25,https://x.com/CAGThe3rd/status/2058992631724536123,"Can't be more beautiful than this. 

$TSLA wants $500. https://t.co/CjE39FDCvM"
DUP_SKIP,CAGThe3rd,Carlos Garcia Tapia,9767,institutional,TSLA,bullish,price_target,450.0,90,2026-05-26,https://x.com/CAGThe3rd/status/2059287018375364860,$TSLA 433.89 and it rips to $450
WOULD_INSERT,CAGThe3rd,Carlos Garcia Tapia,9767,institutional,TSLA,bullish,price_target,470.0,90,2026-05-26,https://x.com/CAGThe3rd/status/2059354689263579409,"This is why the bears are trying their hardest at 433.89

It's a clear IHS move to 470+ 

$TSLA https://t.co/Tiwyxx28bv"
WOULD_INSERT,CAGThe3rd,Carlos Garcia Tapia,9767,institutional,WDAY,bullish,price_target,180.0,90,2026-05-31,https://x.com/CAGThe3rd/status/2061040887157686738,"I'm really liking this long trigger for the quaterly ATR on $WDAY. 

if it doesn't gap up tomorrow, I will buy calls aiming for $180-$182. 

@satymahajan https://t.co/SM7IzHbY3N"
WOULD_INSERT,CAGThe3rd,Carlos Garcia Tapia,9767,institutional,BTC,bearish,price_target,66700.0,90,2026-05-31,https://x.com/CAGThe3rd/status/2061060939932225913,"This what I see based on the liquidity cluster on $BTC. 

Weekly and lower TF heatmaps are stacked at 74.5k (take it) 

Then price returns to the previous 3D timefame squeeze  which is 66.7k. 

We're "
WOULD_INSERT,CAGThe3rd,Carlos Garcia Tapia,9767,institutional,TSLA,bearish,position_disclosure,,365,2026-06-01,https://x.com/CAGThe3rd/status/2061448343901876374,"Oh well. $TSLA puts it is. (Sold my commons)

This is the usual return to normal 2nd peak bull trap. 

Watching closely because if it goes under $400 I will go heavier. https://t.co/BxVCt1fVYv"
WOULD_INSERT,CAGThe3rd,Carlos Garcia Tapia,9767,institutional,C,bullish,price_target,138.0,90,2026-06-02,https://x.com/CAGThe3rd/status/2061827656002257341,"$C Blast off the yearly long trigger. 

$138 next and if the  golden gate breaks $150 it is. https://t.co/vOSBGXxnKw"
WOULD_INSERT,CAGThe3rd,Carlos Garcia Tapia,9767,institutional,SPY,bearish,price_target,726.0,90,2026-06-02,https://x.com/CAGThe3rd/status/2061828162963571050,"$SPY right at the rearly 100% ATR.

I'd be very careful slamming calls everyday. 

We can easily return to $726 as a healthy pull  back. https://t.co/L3tcWHI0W8"
DUP_SKIP,CAGThe3rd,Carlos Garcia Tapia,9767,institutional,SPY,bearish,price_target,726.0,90,2026-06-02,https://x.com/CAGThe3rd/status/2061828162963571050,"$SPY right at the rearly 100% ATR.

I'd be very careful slamming calls everyday. 

We can easily return to $726 as a healthy pull  back. https://t.co/L3tcWHI0W8"
DUP_SKIP,CAGThe3rd,Carlos Garcia Tapia,9767,institutional,SPY,bearish,position_disclosure,,365,2026-06-02,https://x.com/CAGThe3rd/status/2061828530342686756,Loaded $SPY puts.
WOULD_INSERT,CAGThe3rd,Carlos Garcia Tapia,9767,institutional,TSLA,bearish,price_target,,90,2026-06-02,https://x.com/CAGThe3rd/status/2061872059290968161,"Watching $TSLA very closely.

$408 and I'll go full blown short."
WOULD_INSERT,CAGThe3rd,Carlos Garcia Tapia,9767,institutional,W,bullish,price_target,87.0,90,2026-06-04,https://x.com/CAGThe3rd/status/2062548217246433770,"Yesterday was a -5% day for $W but price bounced from the daily ema 21 and moving FAST.
$85-$89 is my tp. https://t.co/QIAmcs08vH"
WOULD_INSERT,CAGThe3rd,Carlos Garcia Tapia,9767,institutional,ETH,bearish,price_target,1750.0,90,2026-06-08,https://x.com/CAGThe3rd/status/2064007804919185904,Waiting for $ETH 1750 before short scalp.
WOULD_INSERT,CAGThe3rd,Carlos Garcia Tapia,9767,institutional,W,bullish,price_target,85.0,7,2026-06-09,https://x.com/CAGThe3rd/status/2064347832451035638,"Monster candle today $W 

Let's see if we can push to $85 this week. 

Just  need  another candle  like today and watch this thing move like a monster. https://t.co/kBfoIhBjF3"
WOULD_INSERT,CelalKucuker,Celal Kucuker,9789,institutional,XLM,bullish,price_target,,90,2026-06-02,https://x.com/CelalKucuker/status/2061790947084521538,"Stellar 
$XLM
 
0.17$☑️
0.20$☑️🎯

Short Term %20.... 

XLM will reach a new ATH before the end of the year. https://t.co/LRSbZNASz2"
WOULD_INSERT,CelalKucuker,Celal Kucuker,9789,institutional,BTC,bullish,price_target,,90,2026-06-02,https://x.com/CelalKucuker/status/2061873863193952441,"125K → Sharp sell-off ✅

60K → End of correction ✅

82K → Relief rally ✅ Followed by another sharp sell-off ✅

54K–60K → Fast wick zone

But weekly close/open remains above 65K+

Final destination: 14"
WOULD_INSERT,CelalKucuker,Celal Kucuker,9789,institutional,SUI,bullish,price_target,10.0,90,2026-06-03,https://x.com/CelalKucuker/status/2062240911535243662,"The $SUI chart looks so good. 
It's almost like it's saying, ""I'm at the bottom."" If this bottom holds, the target is $10 and beyond. https://t.co/AXdydohuWF"
WOULD_INSERT,CelalKucuker,Celal Kucuker,9789,institutional,LTC,bullish,price_target,750.0,90,2026-06-04,https://x.com/CelalKucuker/status/2062618562225709404,"Litecoin reminds me of where $XRP was before its big breakout.

At $40–50, $LTC looks extremely cheap.
Technically, I see 15x potential. 

Bull : Probably 750$ ⌛️ https://t.co/MKiMk2Ppa5"
WOULD_INSERT,CelalKucuker,Celal Kucuker,9789,institutional,XRP,bullish,price_target,17.0,90,2026-06-04,https://x.com/CelalKucuker/status/2062631101361713467,"Ripple looks so strong that it will hit $17 in the bull run. 
$XRP will challenge Ethereum in the rankings.
Save this and wait.
Time will make everything clear. https://t.co/amEl8WQgQ1"
WOULD_INSERT,CelalKucuker,Celal Kucuker,9789,institutional,XRP,bullish,price_target,14.0,90,2026-06-05,https://x.com/CelalKucuker/status/2062894205727367405,"XRP Update

Best Ripple chart I've seen so far.

Cup &amp; Handle formation is still in play. 
A revisit to the 1.618 Fib level looks likely.

Potential dip: $0.95
Potential target: $14+
That's roughl"
WOULD_INSERT,CelalKucuker,Celal Kucuker,9789,institutional,XRP,bullish,price_target,10.0,90,2026-06-06,https://x.com/CelalKucuker/status/2063272185360167265,"The most realistic $XRP chart suggests that a move to $10 could happen between December 2026 and February 2027.
If XRP can establish and hold above $10, the sky's the limit. https://t.co/D0noRxJC0t"
WOULD_INSERT,CelalKucuker,Celal Kucuker,9789,institutional,HYPE,bullish,price_target,1000.0,90,2026-06-08,https://x.com/CelalKucuker/status/2063991606823289280,"Hyperliquid has 200% short-term upside potential. 
In the long term, it can easily reach $1,000.
$HYPE https://t.co/ookeaJmjl9"
WOULD_INSERT,CelalKucuker,Celal Kucuker,9789,institutional,XRP,bullish,price_target,12.0,90,2026-06-08,https://x.com/CelalKucuker/status/2064053761090204074,"The best Ripple chart. 
Cup and handle formation.
A 1.61 Fib revisit will come.
$XRP will trade above $12. https://t.co/XPVmwKBksW"
WOULD_INSERT,CelalKucuker,Celal Kucuker,9789,institutional,IREN,bullish,price_target,120.0,90,2026-06-09,https://x.com/CelalKucuker/status/2064409967935795663,"$IREN  NASDAQ

If weekly closes above $53–55 are confirmed:

First target: $65–70
Next target: $85–100

If the upper channel remains intact, $120+ by 2027 becomes a realistic long-term possibility fro"
WOULD_INSERT,EchoAnalysis,Echo Analysis,9712,institutional,MELI,bullish,price_target,,90,2026-06-06,https://x.com/EchoAnalysis/status/2063267667755045212,"$MELI I got this one wrong 

Price appeared to be in a larger Wave B rather than Wave 3. 

Price is now below the 200WMA. I am expecting a test of the 1 fib.

Support there is a buy with a tight stop "
WOULD_INSERT,EchoAnalysis,Echo Analysis,9712,institutional,IGV,bearish,price_target,60.0,90,2026-06-06,https://x.com/EchoAnalysis/status/2063290317038932423,"$IGV Software sector outlook 👀

Price rejected at the 0.786 fib for Wave B, now below the 50WMA and 200DMA printing a very ugly weekly candle.

Expecting a bottom at the 0.5 fib around $60.

I think o"
WOULD_INSERT,EchoAnalysis,Echo Analysis,9712,institutional,XPEV,bullish,price_target,,90,2026-06-06,https://x.com/EchoAnalysis/status/2063312966611571200,"$XPEV No concerns here 👀

Price was unable to hold the 50DMA and is now back inside the wedge.

If we get a test of the 200WMA, I will buy more on support confirmation.

Wave 3 target: 201% 🚀 https://"
WOULD_INSERT,EchoAnalysis,Echo Analysis,9712,institutional,LULU,bullish,price_target,,90,2026-06-06,https://x.com/EchoAnalysis/status/2063320515805347970,"$LULU Charted to perfection 👀

Price tested the 0.786 fib and showed early signs of support.

Happy buying here with a tight stop. Safer entry is a reclaim of the 50DMA.

Long term Wave 3 target: 747%"
WOULD_INSERT,EchoAnalysis,Echo Analysis,9712,institutional,ABCL,bullish,price_target,,90,2026-06-06,https://x.com/EchoAnalysis/status/2063328065326137612,"$ABCL The structure is clear 👀

A pullback to the buy zone looks very probable.

Support at the moving averages is where I'm very interested.

Wave 5 target: 165% 🚀 https://t.co/xQknIBOZnp"
WOULD_INSERT,EchoAnalysis,Echo Analysis,9712,institutional,COIN,bearish,price_target,105.0,90,2026-06-06,https://x.com/EchoAnalysis/status/2063335615291400492,"$COIN We have nailed this one 👀

Price is below the 200WMA and looks set for lower.

No changes here. Expecting a test of the 1.618 fib extension at $105.

Support there and I will buy heavy.

Wave 3 "
WOULD_INSERT,EchoAnalysis,Echo Analysis,9712,institutional,RCAT,bullish,price_target,,90,2026-06-06,https://x.com/EchoAnalysis/status/2063343165013209479,"$RCAT This is getting interesting 👀

Price looks set to fill the gap from last week's breakout.

Support at the 50WMA would be a great buy.

Wave 3 target: 161% 🚀 https://t.co/ckEv9pAoSP"
WOULD_INSERT,EchoAnalysis,Echo Analysis,9712,institutional,KEEL,bullish,price_target,,90,2026-06-06,https://x.com/EchoAnalysis/status/2063350714710069544,"$KEEL No concerns here 👀

Price down 13% on Friday and below the short term EMAs.

Expecting a test of the 50DMA. Another opportunity to add.

Wave 3 target: 213% 🚀 https://t.co/kMrdbb4crw"
WOULD_INSERT,EchoAnalysis,Echo Analysis,9712,institutional,RDDT,bullish,price_target,,90,2026-06-06,https://x.com/EchoAnalysis/status/2063358264264515732,"$RDDT Has one job 👀

Flip the 200DMA to support.

Once that happens, $RDDT rockets.

Yes, that will be another opportunity to buy.

Wave 3 target: 150% 🚀 https://t.co/CmUnR1pDR6"
WOULD_INSERT,EchoAnalysis,Echo Analysis,9712,institutional,CRWV,bullish,price_target,,90,2026-06-06,https://x.com/EchoAnalysis/status/2063365814237921626,"$CRWV Don't miss this 👀

Price is holding support at the 200DMA but a lower low has to be made.

A test of the 0.786 fib is probable. That is where I will likely double my position.

Wave 3 target: 98"
WOULD_INSERT,EchoAnalysis,Echo Analysis,9712,institutional,IREN,bullish,position_disclosure,,365,2026-06-06,https://x.com/EchoAnalysis/status/2063373363863793825,"$IREN Pullback looks complete 👀

Price down 12% on Friday and looks to be an expanding correction.

A test of the 50DMA is possible but I'm happy buying more here.

Wave 3 target: 111% 🚀 https://t.co/"
WOULD_INSERT,EchoAnalysis,Echo Analysis,9712,institutional,LAC,bullish,price_target,,90,2026-06-06,https://x.com/EchoAnalysis/status/2063380913917239403,"$LAC No concerns yet👀

Price down 11% on Friday with an ugly weekly candle.

Expecting a test of the 0.786 fib. Support there and a reclaim of the 200DMA is the next buy signal.

Patience.

Wave 3 tar"
WOULD_INSERT,EchoAnalysis,Echo Analysis,9712,institutional,AFRM,bullish,price_target,,90,2026-06-06,https://x.com/EchoAnalysis/status/2063388463454630286,"$AFRM Pulling back as expected 👀

Price down 14% last week and approaching the 50DMA.

Happy starting a position at the 50DMA and adding on any pullback to the fibs.

Wave 3 target: 214% 🚀 https://t.c"
WOULD_INSERT,EchoAnalysis,Echo Analysis,9712,institutional,ROOT,bullish,price_target,,90,2026-06-06,https://x.com/EchoAnalysis/status/2063396013453222149,"$ROOT Still a buy 👀

Price retested the 50DMA and found support despite market weakness.

A breakout from the trendline sends this to Wave 3.

Short term Wave 3 target: 90% 🚀 https://t.co/M7I6UCrmvm"
WOULD_INSERT,EchoAnalysis,Echo Analysis,9712,institutional,INTR,bullish,price_target,,90,2026-06-06,https://x.com/EchoAnalysis/status/2063403562810716395,"$INTR Patience pays 👀

Down another 8% this week, similar to $NU.

Support at the 200WMA is likely where I start buying.

Wave 3 target: 190% 🚀 https://t.co/cvZZ0FbsfS"
WOULD_INSERT,EchoAnalysis,Echo Analysis,9712,institutional,SLDP,bullish,price_target,,90,2026-06-07,https://x.com/EchoAnalysis/status/2063411112742166667,"$SLDP 

Price down 11% on Friday and below the 50DMA.

Now only 5% away from the 200WMA. Expecting another test of that level.

It is crucial this level is not lost.

Wave 3 target: 432% 🚀 https://t.c"
WOULD_INSERT,EchoAnalysis,Echo Analysis,9712,institutional,ONTO,bullish,price_target,,90,2026-06-07,https://x.com/EchoAnalysis/status/2063637605401669876,"$ONTO Set to pull back more 👀

Price continues to print red weekly candles and choppy price action. This is clearly corrective.

Support near the 200WMA in the buy zone is where I expect a bottom.

Wa"
WOULD_INSERT,EchoAnalysis,Echo Analysis,9712,institutional,BTC,bullish,position_disclosure,,365,2026-06-07,https://x.com/EchoAnalysis/status/2063652705520828711,"$BTC Fear creates opportunity 👀 

Price has broken down from the bear flag and is now at the 200WMA.

RSI at 23 on the daily and 33 on the weekly. Heavily oversold.

Unlike $ETH, we can see bullish di"
WOULD_INSERT,EchoAnalysis,Echo Analysis,9712,institutional,ETH,bullish,position_disclosure,,365,2026-06-07,https://x.com/EchoAnalysis/status/2063667804323385415,"$ETH The patience is about to pay off 👀

We have called this pullback over 4 months ago and now our patience will be rewarded

Price is testing the 1.272 fib and showing early signs of support.

RSI a"
WOULD_INSERT,EchoAnalysis,Echo Analysis,9712,institutional,JD,bullish,price_target,,90,2026-06-07,https://x.com/EchoAnalysis/status/2063675354061951371,"$JD Has one job 👀

Reclaim the moving average cluster.

Once that level flips to support, $JD will fly.

Wave 5 target: 106% 🚀 https://t.co/EOl9Xf6KJh"
WOULD_INSERT,EchoAnalysis,Echo Analysis,9712,institutional,GRRR,bullish,price_target,,90,2026-06-07,https://x.com/EchoAnalysis/status/2063682903960158616,"$GRRR Going to plan 👀

Price down 27% from the highs and testing the 0.5 fib.

Expecting a test of the 50WMA in the buy zone, support there is a buy.

Shorter term Wave 3 target: 150% 🚀 https://"
WOULD_INSERT,EchoAnalysis,Echo Analysis,9712,institutional,NU,bullish,price_target,,90,2026-06-07,https://x.com/EchoAnalysis/status/2063690453116228075,"$NU Charted to perfection 👀

Price down 8% this week and looks set for lower.

A test of the 200WMA in the buy zone is where I'm very interested.

Wave 3 target: 194% 🚀 https://t.co/TWQRsM1bbv"
WOULD_INSERT,EchoAnalysis,Echo Analysis,9712,institutional,ELF,bullish,price_target,,90,2026-06-07,https://x.com/EchoAnalysis/status/2063698003961991183,"$ELF My favourite long term chart 👀

Price made a lower low this week confirming bearish momentum.

Support at the 0.887 is where I load the boat.

Call me crazy...
Long term Wave 3 target: 1092% 🚀 ht"
WOULD_INSERT,EchoAnalysis,Echo Analysis,9712,institutional,RDW,bullish,price_target,,90,2026-06-07,https://x.com/EchoAnalysis/status/2063705552686096541,"$RDW One of my favourite charts right now 👀

Price has filled the gap and bounced well off the 0.5 fib.

The long term chart is stunning. $RDW is still a buy here.

Wave 3 target: 77% 🚀 https://t.co/w"
WOULD_INSERT,EchoAnalysis,Echo Analysis,9712,institutional,ASTS,bullish,position_disclosure,,365,2026-06-07,https://x.com/EchoAnalysis/status/2063708824368803975,"$ASTS I am even more bullish 👀

Price down 12% on Friday but this looks set to be a subwave 2, meaning larger upside ahead.

Price has found some support at the 0.618 fib. Happy adding here and at the"
WOULD_INSERT,EchoAnalysis,Echo Analysis,9712,institutional,HIMS,bullish,price_target,33.0,90,2026-06-07,https://x.com/EchoAnalysis/status/2063713102575878535,"$HIMS Patience here 👀

Price broke out but struggled to hold the retest.

Sitting on the weekly 9 EMA, just above the 50DMA.

Any dip to the 50DMA is a buy.

Target: $33 🚀 https://t.co/nlLVRivK1S"
WOULD_INSERT,EchoAnalysis,Echo Analysis,9712,institutional,SOUN,bullish,position_disclosure,,365,2026-06-07,https://x.com/EchoAnalysis/status/2063720652247294456,"$SOUN Here is the plan 👀

Price is testing the 0.618 and showing early signs of support.

I am happy adding here and will be buying heavy if we see a test of the 200WMA and 0.786 fib confluence.

Shor"
WOULD_INSERT,EchoAnalysis,Echo Analysis,9712,institutional,SIDU,bullish,price_target,,90,2026-06-07,https://x.com/EchoAnalysis/status/2063728202401345818,"$SIDU Going exactly to plan 👀

Price down 38% from the Wave B high.

Support at the 50DMA is where I'm looking to buy.

Wave 3 target: 160% 🚀 https://t.co/Z8LU26BBrS"
WOULD_INSERT,EchoAnalysis,Echo Analysis,9712,institutional,CELH,bullish,price_target,,90,2026-06-07,https://x.com/EchoAnalysis/status/2063735751804887459,"$CELH Very high on the watchlist 👀

Price made a lower low this week confirming bearish momentum.

Support at the 0.887 fib is where I'm buying heavy with a tight stop loss.

Wave 3 target: 454% 🚀 htt"
WOULD_INSERT,EchoAnalysis,Echo Analysis,9712,institutional,EOSE,bullish,price_target,,90,2026-06-07,https://x.com/EchoAnalysis/status/2063743301761614147,"$EOSE Looking primed 👀

Price has pulled back to the 50DMA but a lower low is needed.

Support at the 0.618 would be a great buy.

Short term Wave 3 target: 141% 🚀 https://t.co/vVBMVlogg4"
WOULD_INSERT,EchoAnalysis,Echo Analysis,9712,institutional,GRAB,bullish,price_target,,90,2026-06-07,https://x.com/EchoAnalysis/status/2063746573100892206,"$GRAB Nearing a bottom 👀

Price is approaching the 1.414 fib extension while RSI is both oversold and showing divergence.

Happy buying here.

Wave 5 target: 109% 🚀 https://t.co/kZpDKgZgZq"
WOULD_INSERT,EchoAnalysis,Echo Analysis,9712,institutional,PL,bullish,price_target,,90,2026-06-07,https://x.com/EchoAnalysis/status/2063758401255956678,"$PL I'm confident with this one 👀

The recent rally is simply too choppy and overlapping to be impulsive.

A final flush down to the buy zone for wave C is very probable.

Wave 3 target: 368% 🚀 https:"
WOULD_INSERT,EchoAnalysis,Echo Analysis,9712,institutional,IMSR,bullish,price_target,,90,2026-06-07,https://x.com/EchoAnalysis/status/2063765950663692309,"$IMSR Looking primed 👀

Price has retested the 50DMA and trendline confluence.

I really like the risk to reward here.

Wave 5 target: 104% 🚀 https://t.co/foMBPGME41"
WOULD_INSERT,EchoAnalysis,Echo Analysis,9712,institutional,SE,bullish,price_target,,90,2026-06-08,https://x.com/EchoAnalysis/status/2063773500611985710,"$SE Patience 👀

Price continues to be choppy and overlapping within a bear flag, similar to $ETH and $BTC before their drop.

Expecting a bottom at the 0.786 fib.

Wave 3 target: 346% 🚀 https://t.co/y"
WOULD_INSERT,EchoAnalysis,Echo Analysis,9712,institutional,RR,bullish,price_target,,90,2026-06-08,https://x.com/EchoAnalysis/status/2063781050258440218,"$RR Fear creates opportunity 👀

Price down 30% from the recent highs for subwave 2.

Reclaiming the 50DMA would be very bullish.

Long term Wave 3 target: 516% 🚀 https://t.co/QQvRN7mv7o"
WOULD_INSERT,EchoAnalysis,Echo Analysis,9712,institutional,ETH,bullish,price_target,,90,2026-06-08,https://x.com/EchoAnalysis/status/2063788600224002138,"$ETH I am super bullish long term

But structure has to settle first

Full analysis is below 👇"
WOULD_INSERT,EchoAnalysis,Echo Analysis,9712,institutional,ONTO,bullish,price_target,,90,2026-06-08,https://x.com/EchoAnalysis/status/2063811249356546331,"$ONTO 🔬

Makes the tools that inspect semiconductors inside chip fabs. Every chip made passes through equipment like theirs.

$1B revenue. Zero debt. 49% gross margins. 👀

I am very bullish long term,"
WOULD_INSERT,EchoAnalysis,Echo Analysis,9712,institutional,AGEN,bullish,price_target,,90,2026-06-08,https://x.com/EchoAnalysis/status/2063909396544118874,"$AGEN Nearing a breakout 👀

Price is pressuring the trendline and wants the breakout.

Flipping the 50WMA to support is where I'm interested.

Wave 3 target: 208% 🚀 https://t.co/NcLbx2uxUG"
WOULD_INSERT,EchoAnalysis,Echo Analysis,9712,institutional,RACE,bullish,price_target,,90,2026-06-08,https://x.com/EchoAnalysis/status/2063924495707255031,"$RACE Trade Idea

Flipping the 200wma to support is the buy

8% upside minimum https://t.co/OZ3S1if4xP"
WOULD_INSERT,EchoAnalysis,Echo Analysis,9712,institutional,INTR,bullish,price_target,,90,2026-06-08,https://x.com/EchoAnalysis/status/2064113239345275250,"$INTR Nearly a buy 👀

Another lower low today and approaching the 200WMA.

Support there is an easy buy.

Wave 3 target: 190% 🚀 https://t.co/8hms2ylc8I"
WOULD_INSERT,EchoAnalysis,Echo Analysis,9712,institutional,IMSR,bullish,position_disclosure,,365,2026-06-08,https://x.com/EchoAnalysis/status/2064120789201555645,"$IMSR Giving you another chance 👀

Price continues to test and hold the 50DMA.

Happy buying here with a soft stop below the 50DMA.

Wave 5 target: 104% 🚀 https://t.co/Bgrb73R8Pw"
WOULD_INSERT,EchoAnalysis,Echo Analysis,9712,institutional,HSI,bullish,price_target,,90,2026-06-09,https://x.com/EchoAnalysis/status/2064294433068343674,"$HSI Last chance 👀

The Asian market index is testing the 0.887 fib.

This level has to hold.

Lose it and we likely go a lot lower.

Wave 5 target: 50% 🚀 https://t.co/GzM4Ezyaa5"
DUP_SKIP,EchoAnalysis,Echo Analysis,9712,institutional,DUOL,bullish,price_target,,90,2026-06-09,https://x.com/EchoAnalysis/status/2064317082674561519,"$DUOL Looking great 👀

Price has genuinely been moving well.

A breakout above the horizontal resistance starts subwave 3.

Entry on a break above the horizontal line.

Subwave 3 target: 26% 🚀 https:/"
DUP_SKIP,EchoAnalysis,Echo Analysis,9712,institutional,LAC,bullish,position_disclosure,,365,2026-06-09,https://x.com/EchoAnalysis/status/2064409845399273711,"🟢 $LAC last buy 🟢

This is our third and likely our final buy

Chart coming later this evening"
WOULD_INSERT,EchoAnalysis,Echo Analysis,9712,institutional,RR,bullish,position_disclosure,,365,2026-06-09,https://x.com/EchoAnalysis/status/2064410849209446878,"🟢 $RR i am buying more 🟢

Price is testing the 0.786 fib and showing early signs of support.

Reclaiming the 50DMA is next and another opportunity to add.

Primary Wave 3 target: 516% 🚀 https://t.co/n"
WOULD_INSERT,EchoAnalysis,Echo Analysis,9712,institutional,SIDU,bullish,position_disclosure,,365,2026-06-09,https://x.com/EchoAnalysis/status/2064414958834573436,"🟢 $SIDU I am starting a position 🟢

Price is showing early signs of support after testing the 1 fib extension.

Safe entry when price reclaims the 50DMA.

Wave 3 target: 150% 🚀 https://t.co/XJLXWTgZ1u"
WOULD_INSERT,EchoAnalysis,Echo Analysis,9712,institutional,RCAT,bullish,position_disclosure,,365,2026-06-09,https://x.com/EchoAnalysis/status/2064418161806426592,"🟢 $RCAT I am buying 🟢

Price has retested the 50WMA and filled the gap.

Higher highs next would be great.

Wave 3 target: 150% 🚀 https://t.co/y9WPO8Etm5"
WOULD_INSERT,EchoAnalysis,Echo Analysis,9712,institutional,DUOL,bullish,price_target,,90,2026-06-09,https://x.com/EchoAnalysis/status/2064437878416109913,"$DUOL Call me crazy 👀

Here is the long term chart.

Wave 3 target: 630%. 🚀

Very doable within 6 years. https://t.co/MVH6W7eDum"
WOULD_INSERT,EchoAnalysis,Echo Analysis,9712,institutional,IREN,bullish,price_target,,90,2026-06-09,https://x.com/EchoAnalysis/status/2064445427835863504,"$IREN Gave you a second chance 👀

Another test of the 1 fib and 50DMA confluence today.

You will regret not taking opportunities like this.

Wave 3 target: 97% 🚀 https://t.co/V0XfFETsyc"
WOULD_INSERT,EchoAnalysis,Echo Analysis,9712,institutional,RDW,bullish,position_disclosure,,365,2026-06-09,https://x.com/EchoAnalysis/status/2064452977856037241,"$RDW No concerns 👀

Price pulled back to the 0.618 fib and 21 week EMA confluence and showed early signs of support.

More than happy to continue holding and adding here.

Wave 3 target: 114% 🚀 https:"
WOULD_INSERT,EchoAnalysis,Echo Analysis,9712,institutional,LAC,bullish,price_target,,90,2026-06-09,https://x.com/EchoAnalysis/status/2064460527464821034,"$LAC This is your last chance 👀

Price has tested the 0.786 fib as expected. More than happy buying here.

Safe entry when price reclaims the 50DMA.

Wave 3 target: 305% 🚀 https://t.co/a0P3YNtmEG"
WOULD_INSERT,EchoAnalysis,Echo Analysis,9712,institutional,EOSE,bullish,price_target,,90,2026-06-09,https://x.com/EchoAnalysis/status/2064468077345964502,"$EOSE Don't miss this 👀

Price has pulled back to the 1 fib extension and is finding some support.

Happy buying here. Safe entry when price reclaims the 50DMA.

Wave 3 target: 141% 🚀 https://t.co/7gB"
WOULD_INSERT,EhrmantrautCap_,Ehrmantraut Capital,9813,institutional,KRKNF,bullish,price_target,,90,2026-06-01,https://x.com/EhrmantrautCap_/status/2061390548628353343,"Don't confuse price action with fundamentals. While Kraken Robotics $KRKNF / $PNG.V and EQ Resources $EQR.AX have had lousy price actions lately, I am still bullish on both of them."
WOULD_INSERT,EhrmantrautCap_,Ehrmantraut Capital,9813,institutional,MU,bullish,price_target,,90,2026-06-05,https://x.com/EhrmantrautCap_/status/2062982825381347514,"Is it weird to say I still feel bullish despite the massive collapse today? 6/9 stocks in my port are down over 10% today, with SK hynix taking the questionable throne, dropping a staggering 18.6%. Th"
WOULD_INSERT,EhrmantrautCap_,Ehrmantraut Capital,9813,institutional,AMPG,bullish,price_target,10.0,90,2026-06-08,https://x.com/EhrmantrautCap_/status/2063936086066250220,"From my perspective, $AMPG should be trading at $10 minimum. That is including the extra outstanding shares from the Serie A and Serie B rights which leads to dilution. Obviously, risks are involved, "
WOULD_INSERT,Han_Akamatsu,Han Akamatsu 赤松,9711,institutional,IMSR,bullish,price_target,10.0,90,2026-05-30,https://x.com/Han_Akamatsu/status/2060783410545558005,"$IMSR There’s air pocket volume from here to $10. First target for the stock here is to tap that $10 level, where most short gamma lies as well right now. 

There, we have to find support and then tar"
WOULD_INSERT,Han_Akamatsu,Han Akamatsu 赤松,9711,institutional,RBLX,bullish,position_disclosure,,365,2026-05-31,https://x.com/Han_Akamatsu/status/2061026609683923434,"$RBLX Long Roblox at $45/47. ✍🏻

Roblox has now filled the gap it left in 2024 at $43 and found support at that multi year support level of $40. 

Now stock had a bullish crossover on the 1W HMA this "
WOULD_INSERT,Han_Akamatsu,Han Akamatsu 赤松,9711,institutional,CRWV,bullish,position_disclosure,,365,2026-05-31,https://x.com/Han_Akamatsu/status/2061170588861821377,"$CRWV Gamma exposure towards June OPEX indicate that indeed, pointing out that $120 level.

1. GEX | 2. VEX

And that’s why we went long calls at $100 this past week. 

Short gamma at $120 still for O"
WOULD_INSERT,Han_Akamatsu,Han Akamatsu 赤松,9711,institutional,CRWV,bullish,position_disclosure,,365,2026-06-01,https://x.com/Han_Akamatsu/status/2061389936901697916,"I feel sad for the people selling the dip on $CRWV on Friday near $103.

Stock already $116 and we added more at these $100 lows.

I’ve been telling you to trust the setups. It’s gamma. And if gamma f"
DUP_SKIP,Han_Akamatsu,Han Akamatsu 赤松,9711,institutional,IMSR,bullish,position_disclosure,,365,2026-06-01,https://x.com/Han_Akamatsu/status/2061456481090756967,"$IMSR Rolled my calls.

Loaded C12.5 for August 21. ⏳🚀 https://t.co/i2t9nqEVBg"
WOULD_INSERT,Han_Akamatsu,Han Akamatsu 赤松,9711,institutional,IMSR,bullish,price_target,20.0,90,2026-06-01,https://x.com/Han_Akamatsu/status/2061459194595688591,$IMSR will be $20 by August. ✍🏻 https://t.co/ioj5S2nQwP
WOULD_INSERT,Han_Akamatsu,Han Akamatsu 赤松,9711,institutional,RBLX,bullish,price_target,60.0,90,2026-06-02,https://x.com/Han_Akamatsu/status/2061729120216605183,"$RBLX With a great setup here on the macro timeframes. 👀

Stock filled the gap it left back in 2024 in the low $40s, found support there as well in these prior support levels and escaped that year lon"
DUP_SKIP,Han_Akamatsu,Han Akamatsu 赤松,9711,institutional,META,bullish,position_disclosure,,365,2026-06-02,https://x.com/Han_Akamatsu/status/2061817774582669699,"$META stock at $603, bought calls at $600. 

Premium for C700 JUN18 now +30%

What’s going on.. https://t.co/PUzmwfGuNa"
WOULD_INSERT,Han_Akamatsu,Han Akamatsu 赤松,9711,institutional,META,bullish,price_target,700.0,90,2026-06-02,https://x.com/Han_Akamatsu/status/2061861864724644307,"$META Down on my 700C for June OPEX like -30% now from my entry today, although with gamma sitting like this, I can’t find a reason on why to cut the position here.

1. GEX | 2. VEX https://t.co/Dpt8G"
WOULD_INSERT,Han_Akamatsu,Han Akamatsu 赤松,9711,institutional,SPY,bearish,price_target,740.0,90,2026-06-05,https://x.com/Han_Akamatsu/status/2062926778507599919,"$SPY Just a heads up, if we by any case won’t hold that 745 long gamma, expect elevated selling towards that 740 short gamma till the end of the day. https://t.co/VPwNGAgTzb"
WOULD_INSERT,Han_Akamatsu,Han Akamatsu 赤松,9711,institutional,IMSR,bullish,position_disclosure,,365,2026-06-05,https://x.com/Han_Akamatsu/status/2062957655937651192,"Buying more $IMSR here personally.

18JUN C7.5s.

21AUG calls are intact.

You can do as you wish with the position here, I’m buying supports, trimming resistances. Not the opposite.

Whole market is "
WOULD_INSERT,Han_Akamatsu,Han Akamatsu 赤松,9711,institutional,ACHR,bullish,price_target,,90,2026-06-09,https://x.com/Han_Akamatsu/status/2064309236608196643,"$ACHR There’s no sane person watching this 1W chart, and thinking it’s not one of the most beautiful macro charts out there right now. 

Still finding support at the top of the 1W HMA here, and having"
WOULD_INSERT,Han_Akamatsu,Han Akamatsu 赤松,9711,institutional,GME,bullish,price_target,,90,2026-06-09,https://x.com/Han_Akamatsu/status/2064317431972057127,"$GME once again bullish on the 1D HMA now. Keeping that $22.5 level here and looking for some more upside till June OPEX.

Circled the times we had crossovers or rejections to see past performances on"
WOULD_INSERT,Han_Akamatsu,Han Akamatsu 赤松,9711,institutional,SPY,bearish,price_target,740.0,90,2026-06-09,https://x.com/Han_Akamatsu/status/2064326092077351110,"$SPY Levels for today:

$742/745 the levels to beat here, we see weakness and rejection again at these levels where the 1H HMA stands, we can see more downside heading towards Wednesday-Friday.

We ca"
WOULD_INSERT,KirasEpicTrades,Kira Barr,9753,institutional,SLV,bullish,position_disclosure,,365,2026-05-07,https://x.com/KirasEpicTrades/status/2052381018796012012,I bought 10 $SLV 5/15 $75 calls for $1.65
WOULD_INSERT,KirasEpicTrades,Kira Barr,9753,institutional,QCOM,bearish,position_disclosure,,365,2026-05-08,https://x.com/KirasEpicTrades/status/2052790927391920522,"I bought 2 $QCOM 5/8 220 puts for $1.60.  These expire today and are very high risk, which is why I only bought 2.  They will either work really well or be worthless."
WOULD_INSERT,KirasEpicTrades,Kira Barr,9753,institutional,PLTR,bearish,position_disclosure,,365,2026-05-13,https://x.com/KirasEpicTrades/status/2054638458782589333,I bought 5 $PLTR 5/15 129 puts for $2.19
WOULD_INSERT,KirasEpicTrades,Kira Barr,9753,institutional,POET,bearish,position_disclosure,,365,2026-05-15,https://x.com/KirasEpicTrades/status/2055297550681354677,I bought 5 $POET 5/22 18 puts for $1.97
WOULD_INSERT,KirasEpicTrades,Kira Barr,9753,institutional,INTC,bullish,position_disclosure,,365,2026-05-19,https://x.com/KirasEpicTrades/status/2056742642390602129,I bought 5 $INTC 5/29 103 calls for $5.75
WOULD_INSERT,KirasEpicTrades,Kira Barr,9753,institutional,QCOM,bearish,position_disclosure,,365,2026-05-21,https://x.com/KirasEpicTrades/status/2057467077695246565,I bought 5 $QCOM 5/22 202.50 puts for $3.00
WOULD_INSERT,KirasEpicTrades,Kira Barr,9753,institutional,CSCO,bullish,position_disclosure,,365,2026-05-22,https://x.com/KirasEpicTrades/status/2057823492419023071,I bought 5 $CSCO 5/29 120 calls for $2.16
WOULD_INSERT,KirasEpicTrades,Kira Barr,9753,institutional,QCOM,bearish,position_disclosure,,365,2026-05-27,https://x.com/KirasEpicTrades/status/2059638144333394380,I bought 3 $QCOM 5/29 225 puts for $5.75
WOULD_INSERT,KirasEpicTrades,Kira Barr,9753,institutional,SPCE,bearish,position_disclosure,,365,2026-06-01,https://x.com/KirasEpicTrades/status/2061452368214986801,I bought 10 $SPCE 6/18 $6 puts for $1.58.  I'm sorry for the late post.  Having lots of trouble with TOS orders going thru today
WOULD_INSERT,KirasEpicTrades,Kira Barr,9753,institutional,CSCO,bullish,position_disclosure,,365,2026-06-02,https://x.com/KirasEpicTrades/status/2061810926336999765,I bought 10 $CSCO 6/5 127 calls at $2.54
WOULD_INSERT,KirasEpicTrades,Kira Barr,9753,institutional,SNOW,bullish,position_disclosure,,365,2026-06-03,https://x.com/KirasEpicTrades/status/2062167491682439380,I bought 3 $SNOW 6/12 255 calls at $10.02
WOULD_INSERT,KirasEpicTrades,Kira Barr,9753,institutional,AMZN,bullish,position_disclosure,,365,2026-06-03,https://x.com/KirasEpicTrades/status/2062189903354409042,I bought 5 $AMZN 6/18 255 calls for $4.89
WOULD_INSERT,KirasEpicTrades,Kira Barr,9753,institutional,PLTR,bullish,position_disclosure,,365,2026-06-09,https://x.com/KirasEpicTrades/status/2064422466034786620,I bought 10 $PLTR 6/18 135 calls for $3.25
WOULD_INSERT,Learnernoearner,UNKNOWN TRADER,9756,institutional,NEAR,bullish,price_target,3.99,90,2026-06-03,https://x.com/Learnernoearner/status/2062191026014404630,"#NEAR $NEAR LONG TRADE

ENTRY: 3

TARGET: 3.99

STOPLOSS: 2.875 https://t.co/xKYTkSGrXd"
WOULD_INSERT,Learnernoearner,UNKNOWN TRADER,9756,institutional,ETH,bullish,price_target,1955.0,90,2026-06-03,https://x.com/Learnernoearner/status/2062204276009513227,"#ETH $ETH LONG TRADE

ENTRY: 1835 - 1820

TARGET: 1955

STOPLOSS: 1795 https://t.co/JBOpnCKE2A"
WOULD_INSERT,Learnernoearner,UNKNOWN TRADER,9756,institutional,OPN,bullish,price_target,,90,2026-06-04,https://x.com/Learnernoearner/status/2062396838724899269,"#OPN $OPN LONG TRADE

ENTRY: 0.204 - 0.1985

TARGET: 0.281

STOPLOSS: 0.1905 https://t.co/dY47zvZFgO"
WOULD_INSERT,Learnernoearner,UNKNOWN TRADER,9756,institutional,WLD,bullish,price_target,0.607,90,2026-06-04,https://x.com/Learnernoearner/status/2062426138509451769,"#WLD $WLD LONG TRADE

ENTRY: 0.528

TARGET: 0.607

STOPLOSS: 0.5055 https://t.co/NASkfrKppR"
WOULD_INSERT,Learnernoearner,UNKNOWN TRADER,9756,institutional,TON,bullish,price_target,2.01,90,2026-06-04,https://x.com/Learnernoearner/status/2062505746990805306,"#TON $TON LONG TRADE

ENTRY: 1.737

TARGET: 2.01

STOPLOSS: 1.6725 https://t.co/JwVTGSpNyY"
WOULD_INSERT,Learnernoearner,UNKNOWN TRADER,9756,institutional,ZEC,bearish,price_target,510.8,90,2026-06-04,https://x.com/Learnernoearner/status/2062536245176115565,"#ZEC $ZEC SHORT TRADE

ENTRY: 525.2

TARGETS: 510.8 - 4815

STOPLOSS: 542.5 https://t.co/9IFt2bhHZL"
WOULD_INSERT,Learnernoearner,UNKNOWN TRADER,9756,institutional,ENA,bearish,price_target,,90,2026-06-05,https://x.com/Learnernoearner/status/2062737553136992743,"#ENA $ENA SHORT TRADE

ENTRY: 0.0908

TARGET: 0.0809

STOPLOSS: 0.09485 https://t.co/afch1RkJYc"
WOULD_INSERT,Learnernoearner,UNKNOWN TRADER,9756,institutional,ENA,bullish,price_target,,90,2026-06-06,https://x.com/Learnernoearner/status/2063083223446364668,"#ENA $ENA LIMIT LONG TRADE

ENTRY: 0.0897 - 0.087

TARGET: 0.108

STOPLOSS: 0.08515 https://t.co/e3DJXxR1oM"
WOULD_INSERT,Learnernoearner,UNKNOWN TRADER,9756,institutional,BLESS,bullish,price_target,,90,2026-06-06,https://x.com/Learnernoearner/status/2063113378378260777,"#BLESS $BLESS LONG TRADE

ENTRY: 0.00442

TARGET: 0.00509

STOPLOSS: 0.004225 https://t.co/OV51gM6evC"
DUP_SKIP,Learnernoearner,UNKNOWN TRADER,9756,institutional,WLD,bullish,price_target,0.606,90,2026-06-08,https://x.com/Learnernoearner/status/2063840265735991636,"#WLD $WLD LONG TRADE

ENTRY: 0.4705

TARGET: 0.606

STOPLOSS: 0.4485 https://t.co/Yn6d6p0yod"
WOULD_INSERT,Learnernoearner,UNKNOWN TRADER,9756,institutional,WIF,bullish,price_target,,90,2026-06-08,https://x.com/Learnernoearner/status/2063935232923799666,"#WIF $WIF LONG TRADE

ENTRY: 0.1593

TARGET: 0.172

STOPLOSS: 0.1552 https://t.co/drn84RQ4et"
WOULD_INSERT,Learnernoearner,UNKNOWN TRADER,9756,institutional,WLD,bullish,price_target,0.56,90,2026-06-08,https://x.com/Learnernoearner/status/2064004322648522901,"#WLD $WLD LONG TRADE

ENTRY: 0.4795

TARGET: 0.56

STOPLOSS: 0.4615 https://t.co/7aIcqVoNXF"
WOULD_INSERT,Learnernoearner,UNKNOWN TRADER,9756,institutional,WLD,bullish,price_target,0.607,90,2026-06-09,https://x.com/Learnernoearner/status/2064341210362187934,"#WLD $WLD LONG TRADE

ENTRY: 0.524

TARGET: 0.607

STOPLOSS: 0.5045 https://t.co/ndbGhKxk0o"
WOULD_INSERT,Learnernoearner,UNKNOWN TRADER,9756,institutional,ENA,bullish,price_target,,90,2026-06-09,https://x.com/Learnernoearner/status/2064349083041481126,"#ENA $ENA LONG TRADE

ENTRY: 0.0825

TARGET: 0.094

STOPLOSS: 0.07985 https://t.co/VesqiTmejH"
WOULD_INSERT,MarketMatrixs,The Market Matrix,9685,institutional,ASTS,bullish,price_target,200.0,90,2026-06-06,https://x.com/MarketMatrixs/status/2063321944305647647,"$ASTS is a $200 stock by EOY.

This years catalysts + upcoming catalysts:

- Falcon 9 BlueBird 8, 9 & 10 launch (THIS MONTH!)
- BlueBird 8, 9 & 10 deployment confirmation
- Additional satellite launch"
WOULD_INSERT,MarketMatrixs,The Market Matrix,9685,institutional,SOFI,bullish,price_target,45.0,90,2026-06-07,https://x.com/MarketMatrixs/status/2063417713289265318,"Congratulations.

You can now buy a $45 stock trading $15 — $SOFI

You can now also buy a $20 stock trading at $10 — $ONDS

You’ve seen this post before, and you didn’t take advantage.

Hope you remem"
WOULD_INSERT,MarketMatrixs,The Market Matrix,9685,institutional,OSCR,bullish,price_target,32.0,90,2026-06-08,https://x.com/MarketMatrixs/status/2064000440501678371,"$OSCR 

The wait was dreadful

Patience always wins. 

Textbook cup handle and GO!

$32 is next. https://t.co/0mlo38nfvH"
WOULD_INSERT,MarketMatrixs,The Market Matrix,9685,institutional,ONDS,bullish,price_target,18.0,90,2026-06-08,https://x.com/MarketMatrixs/status/2064062368985071635,"$ONDS

INCHES and I mean INCHES from retesting the breakout zone. 

That's an attractive add at those levels.

I wouldn't mind a couple more shares before we head out to +$18.. https://t.co/4i4wieCmsg"
DUP_SKIP,MarketMatrixs,The Market Matrix,9685,institutional,HIMS,bullish,price_target,42.0,90,2026-06-09,https://x.com/MarketMatrixs/status/2064355619696771455,"$HIMS +5%

Wave 3 remains $42. 

See you there 😏 https://t.co/1rqr89yxjm"
WOULD_INSERT,MarketMatrixs,The Market Matrix,9685,institutional,HIMS,bullish,price_target,42.0,90,2026-06-09,https://x.com/MarketMatrixs/status/2064445998060171406,"$HIMS is going to $42 

There’s nothing I can do about it and there’s nothing you can either. 

What a close up +6%. 

Talk about a v-shaped recovery. https://t.co/FYSuAr2dUG"
WOULD_INSERT,PaperBozz,Paper Bozz,9826,institutional,SOFI,bullish,price_target,19.6,90,2026-05-27,https://x.com/PaperBozz/status/2059646721542533394,"$SOFI this is it! We just need to break through 50DMA or $16.70 and $19.60 area is next. 

That volume gap needs to fill. 🚀 https://t.co/nZPe2uWb8l"
WOULD_INSERT,PaperBozz,Paper Bozz,9826,institutional,RKLB,bullish,price_target,157.0,90,2026-05-27,https://x.com/PaperBozz/status/2059768658637779049,"$RKLB What a beast! This thing looks absolutely unstoppable right now. 🚀

That said, we printed a clear hanging man reversal candle today. Tomorrow’s close will be key. 

It will decide whether we get"
WOULD_INSERT,PaperBozz,Paper Bozz,9826,institutional,SMH,bearish,price_target,,90,2026-05-28,https://x.com/PaperBozz/status/2059789614701777214,"$SMH Semiconductor stocks are showing signs of exhaustion and appear primed for a near-term pullback. 

Oscillators are displaying bearish divergence, with momentum weakening on recent highs.  

I’m e"
WOULD_INSERT,PaperBozz,Paper Bozz,9826,institutional,SOFI,bullish,price_target,,90,2026-05-31,https://x.com/PaperBozz/status/2061231738513236368,"$SOFI ’s Friday option chain showed strong bullish bias. Bulls are well-positioned to feast in the coming days. 🚀

Option chain from Webull Desktop App. https://t.co/uvmZPglGHZ"
WOULD_INSERT,PaperBozz,Paper Bozz,9826,institutional,OKLO,bullish,position_disclosure,,365,2026-06-01,https://x.com/PaperBozz/status/2061464662546235402,"$OKLO I took a starter position. It looks like momentum is building and a breakout could send the stock to $90 area. 

Targets are highlighted in the chart. 

Chart created with Webull Desktop App. ht"
WOULD_INSERT,PaperBozz,Paper Bozz,9826,institutional,INFQ,bullish,price_target,23.0,90,2026-06-02,https://x.com/PaperBozz/status/2061816905954959820,"$INFQ hit the second target. $23 is next.

Targets highlighted in the chart.

Chart created with Webull Desktop App. https://t.co/T7QO3Vo9dx"
WOULD_INSERT,PaperBozz,Paper Bozz,9826,institutional,BMNR,bullish,position_disclosure,,365,2026-06-02,https://x.com/PaperBozz/status/2061823224963272786,"$BMNR has been basing since February and has barely broken below $18, closing under that level only once the entire time.

I am playing for a bounce with a tight stop below $17. 

I will not be in thi"
WOULD_INSERT,PaperBozz,Paper Bozz,9826,institutional,IBIT,bullish,position_disclosure,,365,2026-06-03,https://x.com/PaperBozz/status/2062258747871772840,"Every leg in Bitcoin pulls back to the 78.6% Fib level.  Today it hit that exact threshold, so I did what I said I would — took a small position in $IBIT.  

There’s &gt;50% chance I make money on thi"
WOULD_INSERT,PaperBozz,Paper Bozz,9826,institutional,IBIT,bullish,price_target,33.0,90,2026-06-06,https://x.com/PaperBozz/status/2063050148037419322,"$IBIT This is it! 

At the risk of being ridiculed later, I am going to tell you that the bottom is somewhere between $34 and $32.

Bookmark this post so you can come back and tell me how wrong I was."
WOULD_INSERT,PaperBozz,Paper Bozz,9826,institutional,TSLA,bullish,position_disclosure,,365,2026-06-08,https://x.com/PaperBozz/status/2064013829067960578,"$TSLA I took a stock position last Friday.  Worst-case downside is $380. 

The risk/reward was attractive, and I can continuously sell covered calls to lower my cost basis over time.  

If that wedge "
WOULD_INSERT,PaperBozz,Paper Bozz,9826,institutional,ASTS,bullish,position_disclosure,,365,2026-06-09,https://x.com/PaperBozz/status/2064400195211685990,"$ASTS In my previous post I mentioned that I was watching $86 area to play a bounce. 

As expected it hit the $86 area bounced. Took a small starter position. 🎯 https://t.co/gROpFOVHcn"
WOULD_INSERT,QualCompounders,Quality Compounders,9686,institutional,ZETA,bullish,position_disclosure,,365,2026-06-04,https://x.com/QualCompounders/status/2062519749645320213,"Yesterday’s buys: $ZETA and $CEG
I was thrilled to see the selloff — it gave me a great opportunity to add to two outstanding companies.

$ZETA — High-conviction ad tech disruptor that continues to in"
WOULD_INSERT,QualCompounders,Quality Compounders,9686,institutional,META,bullish,price_target,1000.0,90,2026-06-04,https://x.com/QualCompounders/status/2062580142598234132,"Yesterday’s selloff was a gift for long-term investors.🎁

So many quality stocks on sale:
🔹 $META is a $1000 stock trading at $618
🔹 $AMZN is a $300 stock trading at $251 
🔹 $SOFI is a $32 stock tradi"
WOULD_INSERT,QualCompounders,Quality Compounders,9686,institutional,META,bullish,price_target,,90,2026-06-05,https://x.com/QualCompounders/status/2062882133866389817,"$META has woefully underperformed the S&P 500 over the past year.
But I believe that’s about to change in the second half of 2026.

🔹 $META: -9.6% 
🔹 S&P 500: +26.5%

Strong ad revenue momentum, AI ad"
WOULD_INSERT,QualCompounders,Quality Compounders,9686,institutional,SOFI,bullish,price_target,100.0,90,2026-06-05,https://x.com/QualCompounders/status/2062912335480779192,POV: It’s 2030 $SOFI is trading at $100 laughing at the person who panic-sold at the bottom. https://t.co/fTxrzQEmoM
WOULD_INSERT,QualCompounders,Quality Compounders,9686,institutional,META,bullish,price_target,,90,2026-06-07,https://x.com/QualCompounders/status/2063652208449904932,What is your highest conviction buy in the market right now? Mine is $META
WOULD_INSERT,QualCompounders,Quality Compounders,9686,institutional,NVDA,bullish,price_target,,90,2026-06-07,https://x.com/QualCompounders/status/2063705050598506797,"📉 Why $NVDA Looks Like the Best Risk/Reward Semi Play Right Now 📉

$NVDA is trading at a forward P/E of just 22x and a PEG of 0.51 — extremely attractive for its growth profile.

While everyone chases"
WOULD_INSERT,QualCompounders,Quality Compounders,9686,institutional,MA,bullish,price_target,,90,2026-06-07,https://x.com/QualCompounders/status/2063765448471052640,"📈 5-Year Projections: Credit Card Payment Giants 📈

$MA
$V
$AXP

Based on my conservative projections, all three should slightly outperform the S&amp;P 500 over the next 5 years.

Thread with full det"
WOULD_INSERT,QualCompounders,Quality Compounders,9686,institutional,AXP,bullish,price_target,,90,2026-06-07,https://x.com/QualCompounders/status/2063765526334124128,"3. $AXP - American Express Company

Assumptions:
🔹EPS Growth: Y1: 14% | Y2: 14%  | Y3: 12%  | Y4: 12% | Y5: 11%
🔹Exit PE: 20X

Projections:
🔹Annual Returns: 13.3% + dividend https://t.co/ine52cFqBH"
WOULD_INSERT,QualCompounders,Quality Compounders,9686,institutional,META,bullish,position_disclosure,,365,2026-06-08,https://x.com/QualCompounders/status/2063984399914312146,"You make the most money buying when the market is fearful. 😨

I’ve done it numerous times:
🔹 Bought $META under $200 in 2022 when everyone called it “the next MySpace.” The market missed the post-pand"
WOULD_INSERT,QualCompounders,Quality Compounders,9686,institutional,CEG,bullish,price_target,,90,2026-06-08,https://x.com/QualCompounders/status/2064029692923912426,"Global power demand is projected to nearly double from 448 TWh to 980 TWh, with data centers accounting for 44% of that growth.

Here are two names positioned to benefit tremendously:
$CEG – Nuclear P"
WOULD_INSERT,Teamsniperpaji,Sniper paji,9766,institutional,BTC,bearish,price_target,69300.0,90,2026-04-08,https://x.com/Teamsniperpaji/status/2041876409485029478,"$100-$1000 challenge
(Trade 47)
$BTC SHORT 
Take profit: $69300
SL: $73,200
Keep your notifications on for next update https://t.co/csuBA67qec"
WOULD_INSERT,Teamsniperpaji,Sniper paji,9766,institutional,BTC,bearish,price_target,69500.0,90,2026-04-09,https://x.com/Teamsniperpaji/status/2042299690679681167,"$100-$1000 challenge
(Trade 48)
$BTC SHORT 
Take profit: $69500
SL: 1hour closing above $73,400
Keep your notifications on for next update
( Risky scalp ) https://t.co/MzZx61OJTl"
DUP_SKIP,Teamsniperpaji,Sniper paji,9766,institutional,BTC,bearish,price_target,,90,2026-04-10,https://x.com/Teamsniperpaji/status/2042512462021562468,"$100-$1000 challenge
(Trade 48)
$BTC SHORT 
Book some profit and set your SL at entry,  not taking any chances on CPI day https://t.co/rbnQm2fhDN"
WOULD_INSERT,Teamsniperpaji,Sniper paji,9766,institutional,BTC,bearish,price_target,70600.0,90,2026-04-10,https://x.com/Teamsniperpaji/status/2042613865033449587,"$100-$1000 challenge
(Trade 49)
$BTC SHORT 
Take profit: $70,600
SL: 1hour closing above $74,500
Keep your notifications on for next update
( Risky scalp ) https://t.co/2quhuYbKde"
WOULD_INSERT,Teamsniperpaji,Sniper paji,9766,institutional,BTC,bearish,price_target,,90,2026-04-12,https://x.com/Teamsniperpaji/status/2043212384517652899,"$100-$1000 challenge
(Trade 49)
$BTC SHORT 
Book some profit and set your SL at entry https://t.co/TY9oFKPzOY"
WOULD_INSERT,Teamsniperpaji,Sniper paji,9766,institutional,BTC,bearish,price_target,72000.0,90,2026-04-14,https://x.com/Teamsniperpaji/status/2044068863986544758,"$100-$1000 challenge
(Trade 50)
$BTC SHORT 
Take profit: $72000
SL: 1hour closing above $77000
Keep your notifications on for next update
( Risky scalp ) https://t.co/AuE03iwxUq"
WOULD_INSERT,Teamsniperpaji,Sniper paji,9766,institutional,BTC,bullish,price_target,77000.0,90,2026-04-14,https://x.com/Teamsniperpaji/status/2044112300131660280,"$100-$1000 challenge
(Trade 51)
$BTC LONG
Take profit: $77000
SL: 1hour closing below 73,400
Keep your notifications on for next update https://t.co/G299k46nlT"
WOULD_INSERT,Teamsniperpaji,Sniper paji,9766,institutional,BTC,bearish,price_target,72000.0,90,2026-04-16,https://x.com/Teamsniperpaji/status/2044821771740979203,"$500-$5000 challenge
$BTC SHORT
Take profit: $72000
SL: 1hour closing below 75300
Margin : $50
Lev: 18x
Comment ""copy now"" to automatically copy these trades on Lbank https://t.co/9H1zKvv4Po"
WOULD_INSERT,Teamsniperpaji,Sniper paji,9766,institutional,SOL,bullish,price_target,97.0,90,2026-04-16,https://x.com/Teamsniperpaji/status/2044854996127424929,"$500-$5000 challenge
$SOL LONG
Take profit: $97
SL: $84.5
Margin : $50
Lev: 7x
Comment ""copy now"" to automatically copy these trades on Lbank https://t.co/yHkNWYJ9xA"
WOULD_INSERT,Teamsniperpaji,Sniper paji,9766,institutional,BTC,bearish,price_target,74000.0,90,2026-04-17,https://x.com/Teamsniperpaji/status/2045248273666187660,"$100-$1000 challenge
(Trade 52)
$BTC SHORT
Take profit: $74000
SL: 1hour closing below 78,700
Keep your notifications on for next update https://t.co/BxicNXrTrK"
WOULD_INSERT,Teamsniperpaji,Sniper paji,9766,institutional,BTC,bullish,price_target,79000.0,90,2026-04-21,https://x.com/Teamsniperpaji/status/2046513033049162121,"$500-$5000 challenge
$BTC LONG
Take profit: $79000
SL: 1hour closing below 74,800
Keep your notifications on for next update
Comment ""copy now"" to automatically copy these trades on Lbank https://t.co"
WOULD_INSERT,Teamsniperpaji,Sniper paji,9766,institutional,BTC,bearish,price_target,73800.0,90,2026-04-21,https://x.com/Teamsniperpaji/status/2046655981585912251,"$100-$1000 challenge
(Trade 53)
$BTC SHORT
Take profit: $73800
SL: $76,300
Keep your notifications on for next update https://t.co/4NT3Jo1DUp"
WOULD_INSERT,Teamsniperpaji,Sniper paji,9766,institutional,BTC,bullish,price_target,81000.0,90,2026-04-22,https://x.com/Teamsniperpaji/status/2047017009821684103,"$100-$1000 challenge
(Trade 54)
$BTC LONG
Take profit: $81000
SL: $78000
Keep your notifications on for next update
( SCALP TRADE ) https://t.co/lqsxZ33hbk"
WOULD_INSERT,Teamsniperpaji,Sniper paji,9766,institutional,BTC,bearish,price_target,75000.0,90,2026-04-23,https://x.com/Teamsniperpaji/status/2047155735977742786,"$100-$1000 challenge
(Trade 55)
$BTC SHORT
Take profit: $75,000
SL: $79,500
Keep your notifications on for the next update.
(USE LOW LEVERAGE( 15X)  BECAUSE WE HAVE TO TAKE A WIDE SL IN THIS ONE) http"
WOULD_INSERT,Teamsniperpaji,Sniper paji,9766,institutional,BTC,bearish,price_target,75000.0,90,2026-04-24,https://x.com/Teamsniperpaji/status/2047531651924971951,"$100-$1000 challenge
(Trade 56)
$BTC SHORT
Take profit: $75,000
SL: $79000
Keep your notifications on for the next update. https://t.co/HDArW8N96i"
WOULD_INSERT,Teamsniperpaji,Sniper paji,9766,institutional,BTC,bearish,price_target,74000.0,90,2026-04-30,https://x.com/Teamsniperpaji/status/2049942368351306006,"$100-$1000 challenge
(Trade 57)
$BTC SHORT
Take profit: $74,000
SL: $77,600
Keep your notifications on for the next update. https://t.co/37oTU7X5Hc"
WOULD_INSERT,Teamsniperpaji,Sniper paji,9766,institutional,BTC,bearish,price_target,74000.0,90,2026-05-01,https://x.com/Teamsniperpaji/status/2050195883833335853,"$100-$1000 challenge
(Trade 58)
$BTC SHORT
Take profit: $74,000
SL: $78,800
Keep your notifications on for the next update. https://t.co/AKmQBXeb1M"
DUP_SKIP,Teamsniperpaji,Sniper paji,9766,institutional,BTC,bearish,price_target,77200.0,90,2026-05-04,https://x.com/Teamsniperpaji/status/2051174547978850487,"$100-$1000 challenge
(Trade 59)
$BTC SHORT
Take profit: $77,200
SL: $81,600
Keep your notifications on for the next update. https://t.co/XEoXaDboDm"
WOULD_INSERT,Teamsniperpaji,Sniper paji,9766,institutional,BTC,bearish,price_target,77200.0,90,2026-05-04,https://x.com/Teamsniperpaji/status/2051361726415946017,"$100-$1000 challenge
(Trade 60)
$BTC SHORT
Take profit: $77,200
SL: $81,600
Keep your notifications on for the next update. https://t.co/QUY8wgX7zF"
WOULD_INSERT,Teamsniperpaji,Sniper paji,9766,institutional,BTC,bearish,price_target,77500.0,90,2026-05-11,https://x.com/Teamsniperpaji/status/2053688834311979210,"$100-$1000 challenge
(Trade 61)
$BTC SHORT
Take profit: $77,500
SL: $82,500
Keep your notifications on for the next update. https://t.co/BLUEsvzD2M"
WOULD_INSERT,Teamsniperpaji,Sniper paji,9766,institutional,BTC,bearish,price_target,78000.0,90,2026-05-15,https://x.com/Teamsniperpaji/status/2055164198439809096,"Shorted $BTC &amp; $ETH last night on copy trading , booking some profit now and setting SL at entry. Looks like $BTC is going to $78k https://t.co/e69mrmUxWj"
WOULD_INSERT,Teamsniperpaji,Sniper paji,9766,institutional,BTC,bearish,price_target,75000.0,90,2026-05-20,https://x.com/Teamsniperpaji/status/2057094633000518050,"$100-$1000 challenge
(Trade 62)
$BTC SHORT
Take profit: $75000
SL: $78600
Keep your notifications on for the next update. https://t.co/GNY5JFHv2d"
WOULD_INSERT,Teamsniperpaji,Sniper paji,9766,institutional,BTC,bearish,price_target,75000.0,90,2026-05-24,https://x.com/Teamsniperpaji/status/2058639948853690690,"$100-$1000 challenge
(Trade 63)
$BTC SHORT
Take profit: $75000
SL: $77,800
Keep your notifications on for the next update. https://t.co/rFg8hrQ8pt"
WOULD_INSERT,Teamsniperpaji,Sniper paji,9766,institutional,BTC,bearish,price_target,71000.0,90,2026-05-29,https://x.com/Teamsniperpaji/status/2060351799467573742,"$100-$1000 challenge
(Trade 64)
$BTC SHORT
Take profit: $71000
SL: $74300
Keep your notifications on for the next update. https://t.co/4sEvp8sKGE"
WOULD_INSERT,Teamsniperpaji,Sniper paji,9766,institutional,BTC,bullish,price_target,75300.0,90,2026-05-29,https://x.com/Teamsniperpaji/status/2060357264138269035,"$100-$1000 challenge
(Trade 64)
$BTC LONG
Take profit: $75300
SL: $72000
Keep your notifications on for the next update. https://t.co/0NRsg0IucR"
WOULD_INSERT,Teamsniperpaji,Sniper paji,9766,institutional,BTC,bullish,price_target,75500.0,30,2026-05-30,https://x.com/Teamsniperpaji/status/2060783624476409888,I'm short-term bullish on $BTC (expecting 75-76k)
WOULD_INSERT,Teamsniperpaji,Sniper paji,9766,institutional,BTC,bearish,price_target,61000.0,90,2026-06-04,https://x.com/Teamsniperpaji/status/2062579202436800794,$BTC breaks this zone and we go below $61k https://t.co/47Q5UV6vM6
WOULD_INSERT,Teamsniperpaji,Sniper paji,9766,institutional,BTC,bullish,price_target,65000.0,90,2026-06-07,https://x.com/Teamsniperpaji/status/2063551766940221950,Expecting a $BTC retest till $65k https://t.co/CaGUtOIcD2
WOULD_INSERT,Teamsniperpaji,Sniper paji,9766,institutional,BTC,bearish,price_target,59000.0,90,2026-06-09,https://x.com/Teamsniperpaji/status/2064338335058010303,"$100-$1000 challenge
(Trade 65)
$BTC SHORT 
Take profit: $59000
SL: $63,800
Keep your notifications on for the next update. https://t.co/CGFc6Spf2f"
DUP_SKIP,endless_frank,Endless Capit🅰️l,9792,institutional,ASTS,bullish,price_target,180.0,90,2026-05-28,https://x.com/endless_frank/status/2059969945644024248,"$ASTS You’re new to AST, you had a great couple of weeks, but the question is do you have the discipline to hold and do nothing the rest of this week if the stock ranges between $118-135?

Next 3-4 we"
DUP_SKIP,endless_frank,Endless Capit🅰️l,9792,institutional,ASTS,bullish,price_target,,90,2026-05-28,https://x.com/endless_frank/status/2060022211675660742,"$ASTS Most important post today.  Short interest is down 5-6m shares from it’s peak of ~69.7m.

That means ~52m shares to go before all spec shorts have covered.  In past squeezes we’ve gone from 70m "
WOULD_INSERT,endless_frank,Endless Capit🅰️l,9792,institutional,ASTS,bullish,price_target,250.0,90,2026-05-28,https://x.com/endless_frank/status/2060079031542780193,"$ASTS If you’ve followed the below posts you all might want to hear what I have to say now.  

This is starting to feel like Tesla in 2013.  We might be on the verge of a 100% revaluation like Tesla h"
WOULD_INSERT,endless_frank,Endless Capit🅰️l,9792,institutional,ASTS,bullish,position_disclosure,,365,2026-06-01,https://x.com/endless_frank/status/2061492239382024682,"$ASTS Been selling the weekly $90 puts today.  I’ll take any amount of stock there.

Volume shelf and 50 day support in that area.  Don’t always need the stock to go higher to make money. 

At $90 it’"
DUP_SKIP,endless_frank,Endless Capit🅰️l,9792,institutional,ASTS,bullish,position_disclosure,,365,2026-06-03,https://x.com/endless_frank/status/2062108630468481509,"$ASTS Buying shares this AM between $113-114.  Something is up.  Odd to see shares being sold down $5 with no new information out there.

If they’re doing a raise to fund an expanded launch contract w"
DUP_SKIP,endless_frank,Endless Capit🅰️l,9792,institutional,ASTS,bullish,price_target,260.0,90,2026-06-03,https://x.com/endless_frank/status/2062154613667623104,"$ASTS In regards to the William Blair comments from @scottwisniews, a 3 to 6 month delay was expected by myself and many others.  I for one was vocal about it last week post the Blue Origin anomaly.

"
WOULD_INSERT,endless_frank,Endless Capit🅰️l,9792,institutional,ASTS,bullish,price_target,,90,2026-06-03,https://x.com/endless_frank/status/2062209068962304474,"$ASTS Since everyone has declared the Space X IPO a “sell news” event for Space stocks I’m predicting they go parabolic post IPO.

Space X being added to the Nasdaq 100 10 days after IPO does not make"
WOULD_INSERT,endless_frank,Endless Capit🅰️l,9792,institutional,ASTS,bullish,position_disclosure,,365,2026-06-05,https://x.com/endless_frank/status/2062987456681849147,"$ASTS I got pretty aggressive today.  Sold $3m of stock, rolled 80% to long dated calls and 20% to July 17th and added another $1m across diff intermediate strikes.

Today was a very rare, once/twice "
WOULD_INSERT,endless_frank,Endless Capit🅰️l,9792,institutional,ASTS,bullish,price_target,,90,2026-06-07,https://x.com/endless_frank/status/2063738328046792866,"$ASTS Yes, so that means AST at 35.7b is a buy."
WOULD_INSERT,endless_frank,Endless Capit🅰️l,9792,institutional,ASTS,bullish,price_target,92.0,90,2026-06-08,https://x.com/endless_frank/status/2063967339503095971,"$ASTS Within the week we’ll likely have an update on the 2nd batch shipment BB11-13 and a launch date from Space X for BB8-10.

~35b e.g. $92 is probably the new floor given the manufacturing progress"
WOULD_INSERT,endless_frank,Endless Capit🅰️l,9792,institutional,ASTS,bullish,price_target,250.0,90,2026-06-09,https://x.com/endless_frank/status/2064309436735258860,"$ASTS Announcement just 8 days before launch shows how much more well equipped Space X is than Blue Origin.

All we need is 5 launches this year to get us to beta testing by year end.

That happens an"
DUP_SKIP,kylewhitegoat,stock goat,9808,institutional,SOFI,bullish,price_target,,90,2026-04-06,https://x.com/kylewhitegoat/status/2041185991688396994,$SOFI 🚨BUY NOW OR CRY LATER🚨 https://t.co/rlEyJEskO8
DUP_SKIP,kylewhitegoat,stock goat,9808,institutional,SOFI,bullish,price_target,,90,2026-04-06,https://x.com/kylewhitegoat/status/2041187931822416150,"$SOFI 🚨BREAKING NEWS🚨

Buy it all! Retail had been wiped off the planet👀

SOFI has just launched business banking 📈

SOFI just hit the highest website traffic in company history for March ✅

SoFi just"
DUP_SKIP,kylewhitegoat,stock goat,9808,institutional,SOFI,bullish,price_target,50.0,90,2026-04-06,https://x.com/kylewhitegoat/status/2041188477853687969,$SOFI This actually might hit $50 SOON.....
DUP_SKIP,kylewhitegoat,stock goat,9808,institutional,SOFI,bullish,price_target,32.0,90,2026-04-06,https://x.com/kylewhitegoat/status/2041190160809754736,"$SOFI 🚨DONT SAY I DIDNT WARN YOU🚨

The easiest double on EARTH is coming fast

$16 to $32 🔥 https://t.co/51q6fGJCgc"
WOULD_INSERT,kylewhitegoat,stock goat,9808,institutional,SOFI,bullish,price_target,45.0,90,2026-04-06,https://x.com/kylewhitegoat/status/2041213570508018004,"$SOFI 🚨BREAKING NEWS🚨

Seller Exhaustion is close, time for the run to $45+ https://t.co/ickH98OeCE"
WOULD_INSERT,kylewhitegoat,stock goat,9808,institutional,SOFI,bullish,price_target,,90,2026-04-07,https://x.com/kylewhitegoat/status/2041655963208298932,"$SOFI 🚨BUY NOW OR CRY LATER🚨

The 5 Month Correction is OVER https://t.co/kSKPrEb6hN"
DUP_SKIP,kylewhitegoat,stock goat,9808,institutional,SOFI,bullish,price_target,,1,2026-04-08,https://x.com/kylewhitegoat/status/2041825713783771587,"$SOFI 🚨BREAKING NEWS🚨

Today SOFI may gap up +20% after the Muddy Water Short seller bashing for 2 weeks in a row....

SHORT SELLERS HAVE NO WAY OUT NOW....

BUY OR HOLD 🚀 https://t.co/43bcdL3y4F"
WOULD_INSERT,kylewhitegoat,stock goat,9808,institutional,SOFI,bullish,price_target,,90,2026-04-08,https://x.com/kylewhitegoat/status/2041850541681115626,"$SOFI 🚨BUY NOW OR CRY LATER🚨

April 2025 is about to repeat again 👀

All time highs $32s will be obliterated on this next bull run https://t.co/SEJcaBB4ab"
WOULD_INSERT,kylewhitegoat,stock goat,9808,institutional,SOFI,bullish,price_target,38.0,90,2026-04-15,https://x.com/kylewhitegoat/status/2044546732260794679,"$SOFI 🚨BUY NOW OR CRY LATER🚨

A DOUBLE FROM RIGHT HERE IS $38 https://t.co/eJ3WrUnE0M"
WOULD_INSERT,kylewhitegoat,stock goat,9808,institutional,SOFI,bullish,price_target,45.0,90,2026-05-23,https://x.com/kylewhitegoat/status/2058206421284511824,"$SOFI +40% Growth rate with 4 new businesses coming online, No signs of slowing down, if the hedge funds don't want to buy the stock because of rates uncertainty 

Then Retail has to nut up and buy th"
WOULD_INSERT,kylewhitegoat,stock goat,9808,institutional,SOFI,bullish,price_target,40.0,90,2026-05-24,https://x.com/kylewhitegoat/status/2058534646632079825,"$SOFI 🚨BREAKING NEWS🚨

SOFI STOCK IS ABOUT TO GET RE-RATED TO $35-$45 PER SHARE 🔥📈🚀

https://t.co/T3j9CcStuc"
DUP_SKIP,kylewhitegoat,stock goat,9808,institutional,SOFI,bullish,price_target,50.0,90,2026-05-27,https://x.com/kylewhitegoat/status/2059645906027237654,"$SOFI 🚨BREAKING NEWS 🚨

SOFI'S PRICE TO EBITDA IS 👉15X 👀

7 MONTHS OF HELL I KNOW IT HURTS, BUT THE FUNDAMENTALS ARE COMPOUNDING 

BUY OR HOLD📈

THE BIG $50 IS COMING 🎯 https://t.co/uYtGYX5LpC"
WOULD_INSERT,kylewhitegoat,stock goat,9808,institutional,SOFI,bullish,price_target,50.0,90,2026-05-27,https://x.com/kylewhitegoat/status/2059649378017595462,"$SOFI 🚨BREAKING NEWS 🚨 

⛔️SHORT INTEREST 12.98%⛔️

TOTAL SHARES SHORT👉 160,947,0399🚩

BURN THE SHORTS!👀

BUY OR HOLD AND $50 COMES QUICK🔥 https://t.co/5BjLPkP2nV"
DUP_SKIP,kylewhitegoat,stock goat,9808,institutional,SOFI,bullish,price_target,45.0,90,2026-05-29,https://x.com/kylewhitegoat/status/2060292306515767310,"$SOFI 🚨BREAKING NEWS 🚨

This will be re rated soon

First Half 2026 
“fintech lender”  $15...

Second half 2026 
""full-stack financial super-app"" $45.... https://t.co/MrEtT5T0zp"
DUP_SKIP,kylewhitegoat,stock goat,9808,institutional,SOFI,bullish,price_target,48.0,90,2026-05-29,https://x.com/kylewhitegoat/status/2060320575742939329,"$SOFI 🚨BREAKING NEWS 🚨

4 New fee based revenue streams coming online 🎯

THIS COULD GET UGLY FAST FOR SHORTS

SOFI Is Projected to hit 🔥$6.5 Billion🔥 revenue in 2027

Fair Value is 10X 2027 Sales of $"
DUP_SKIP,kylewhitegoat,stock goat,9808,institutional,SOFI,bullish,price_target,,90,2026-05-29,https://x.com/kylewhitegoat/status/2060321600839258431,"$SOFI 🚨BREAKING NEWS🚨

👿THE MONSTER IS WAKING UP👿

REVENUE RUN RATE PROJECTIONS🎯

Q2'26 = $4.8 Billion 
Q3'26=  $5.2 Billion 
Q4'26 = $5.6 Billion https://t.co/3fNV59psJS"
WOULD_INSERT,kylewhitegoat,stock goat,9808,institutional,SOFI,bullish,price_target,67.0,90,2026-05-29,https://x.com/kylewhitegoat/status/2060328548301205810,"$SOFI 🚨BREAKING NEWS🚨

Monte Carlo Simulation playing out in real time could send SOFI to $67 by Christmas 🎄🎅"
WOULD_INSERT,kylewhitegoat,stock goat,9808,institutional,SOFI,bullish,price_target,,90,2026-06-01,https://x.com/kylewhitegoat/status/2061245240095170607,$SOFI 🚨BUY NOW OR CRY LATER🚨 https://t.co/MsmsyYOAnP
WOULD_INSERT,kylewhitegoat,stock goat,9808,institutional,SOFI,bullish,price_target,,90,2026-06-04,https://x.com/kylewhitegoat/status/2062597705264746915,"$SOFI 🚨BREAKING NEWS🚨 

Q2 is the monster quarter🔥 be ready for 40% Growth again 

SOFI projected to hit $4.8 Billion revenue run rate in Q2 https://t.co/kNiLlFJZpp"
WOULD_INSERT,kylewhitegoat,stock goat,9808,institutional,SOFI,bullish,price_target,45.0,90,2026-06-08,https://x.com/kylewhitegoat/status/2064045924960158033,"$SOFI 🚨BREAKING NEWS🚨

SHORT SELLERS Tried to cut the legs off of sofi 3 times on this nasty 8 month Crash 

TRIPLE BOTTOM now push to $45 https://t.co/uAtfhhA8Cu"
WOULD_INSERT,steady_profits,James Woolley,9713,institutional,NVDA,bullish,price_target,250.0,90,2026-05-20,https://x.com/steady_profits/status/2056980332306403369,"It's a big day today with $NVDA reporting earnings after the close.

The options markets are implying that there could be a 6.5% price move in either direction after the results are announced.

At the"
WOULD_INSERT,steady_profits,James Woolley,9713,institutional,IREN,bullish,price_target,,90,2026-05-22,https://x.com/steady_profits/status/2057844630670950559,"$IREN CEO Daniel Roberts has just laid out where IREN are right now, and where they are heading.

I was super bullish about the company before reading this thread, but it's fair to say that I'm even m"
WOULD_INSERT,steady_profits,James Woolley,9713,institutional,FSLR,bullish,price_target,,90,2026-05-22,https://x.com/steady_profits/status/2057872236346761688,"10 days later and the $FSLR breakout is really gathering momentum now.

The share price is now up to $255 and yet the forward P/E is still only around 11 and 9.13 for the next two years.

It seems tha"
WOULD_INSERT,steady_profits,James Woolley,9713,institutional,META,bullish,position_disclosure,,365,2026-06-01,https://x.com/steady_profits/status/2061526055190696270,"I have just bought two stocks for my eToro portfolio:

- $META @ $606.17
- $CELH @ $31.04

I already hold Meta shares already, but I felt it was worth adding some more at this price level as this is b"
WOULD_INSERT,steady_profits,James Woolley,9713,institutional,JEDG,bullish,position_disclosure,,365,2026-06-02,https://x.com/steady_profits/status/2061716244055589243,"I have just taken a starter position in the VanEck Space Innovators ETF $JEDG at £89.90 in my Trading 212 ISA.

I would like to take a much larger position, but I sense that sentiment is a little weak"
WOULD_INSERT,steady_profits,James Woolley,9713,institutional,CELH,bullish,position_disclosure,,365,2026-06-02,https://x.com/steady_profits/status/2061790239601963190,"$CELH are now trading on a forward P/E of just 16 and 14.2 for the next two years after yesterday's big price drop, according to Marketscreener (see below).

This seems too low for a company that appe"
WOULD_INSERT,steady_profits,James Woolley,9713,institutional,CELH,bullish,position_disclosure,,365,2026-06-04,https://x.com/steady_profits/status/2062583617641963980,"I added some more $CELH shares in my eToro account today.

Frustratingly, it was only after I bought the shares that I saw the news that the company are facing an investigation by a Texas Attorney ove"
WOULD_INSERT,steady_profits,James Woolley,9713,institutional,META,bullish,position_disclosure,,365,2026-06-08,https://x.com/steady_profits/status/2064063916330852611,"I haven't been as busy snapping up bargains as I thought I might be today, but I did pick up some more $META shares at $587.58.

The shares are trading at these depressed levels because of the shear m"
WOULD_INSERT,steady_profits,James Woolley,9713,institutional,JEDG,bullish,position_disclosure,,365,2026-06-09,https://x.com/steady_profits/status/2064380881012146352,"I added some more shares in the VanEck Space Innovators ETF $JEDG today in my Trading 212 ISA account.

My timing wasn't great because the US market sold off afterwards and took the space stocks and t"
WOULD_INSERT,wickedstocks,Wicked Stocks,9795,institutional,TSLA,bullish,price_target,432.9,90,2026-04-15,https://x.com/wickedstocks/status/2044403793698206166,"$TSLA ABOVE $361.59 – BUY SIGNAL IN PLAY

Please ❤️like and 🔁share with fellow Tesla traders/investors

#Tesla successfully tested the $338.27 long-term channel bottom (1-year structure) after the ear"
WOULD_INSERT,wickedstocks,Wicked Stocks,9795,institutional,TSLA,bullish,price_target,432.9,90,2026-04-16,https://x.com/wickedstocks/status/2044768713593979350,"📺 $TSLA ABOVE $385.71 KEEPS $432.90 IN PLAY

Please ❤️like and 🔁share with fellow Tesla traders/investors

#Tesla surged ~8% on Wednesday on AI chip news, closing at $391.95.

This move only confirms "
WOULD_INSERT,wickedstocks,Wicked Stocks,9795,institutional,OUST,bullish,price_target,28.62,90,2026-04-16,https://x.com/wickedstocks/status/2044824752477642881,"$OUST (Ouster Inc.) setting up for a move to 28+ here

A weekly close above $24.52 should push it toward $28.62 in the near term. 

The real move comes on a weekly close above $28.62, opening up $38–$"
WOULD_INSERT,wickedstocks,Wicked Stocks,9795,institutional,TSLA,bullish,price_target,432.9,90,2026-04-17,https://x.com/wickedstocks/status/2045130350670512250,"📺 $TSLA IS ABOUT TO MAKE ITS NEXT BIG MOVE

Please ❤️like and 🔁share with fellow Tesla traders/investors

#Tesla recently bottomed at a major 1-year channel support around $338.27, which acted as a cr"
WOULD_INSERT,wickedstocks,Wicked Stocks,9795,institutional,TSLA,bullish,price_target,435.24,90,2026-04-20,https://x.com/wickedstocks/status/2046219228873716087,"📺 $TSLA EARNINGS WEEK: $403 BREAK OR $383 DROP?

Please ❤️like and 🔁share with fellow Tesla traders/investors

$340.61 is the key long-term pivot — this level is a major support tied to a one-year cha"
WOULD_INSERT,wickedstocks,Wicked Stocks,9795,institutional,IREN,bullish,price_target,55.0,90,2026-04-23,https://x.com/wickedstocks/status/2047322740030619818,"$IREN looks good with a daily close over 50.00

I like it for a swing trade.

First target would be 55, then 58-60 zone. https://t.co/D639yA7mRV"
WOULD_INSERT,wickedstocks,Wicked Stocks,9795,institutional,TSLA,bullish,price_target,418.04,90,2026-05-05,https://x.com/wickedstocks/status/2051659193812206078,"📺 $TSLA IS ONE THE WAY TO $418.04

Please ❤️like and 🔁share with fellow @Tesla traders/investors

A month ago, #Tesla tested the key 1-year channel bottom at $345.29 — this was a major downside object"
WOULD_INSERT,wickedstocks,Wicked Stocks,9795,institutional,TSLA,bearish,price_target,345.29,90,2026-05-06,https://x.com/wickedstocks/status/2052017863544688829,"📺 $TSLA IS STUCK — UNTIL $392.66 REALLY HOLDS

#Tesla broke above $392.66 on Tuesday on early momentum, triggering breakout buying, but it couldn’t sustain the move. 

Institutions likely used that st"
WOULD_INSERT,wickedstocks,Wicked Stocks,9795,institutional,TSLA,bullish,price_target,439.92,90,2026-05-07,https://x.com/wickedstocks/status/2052377154243989926,"📺 $TSLA JUST TRIGGERED A BREAKOUT... THE MOVE TO $439 HAS BEGUN

Please ❤️like and 🔁share with fellow Tesla traders/investors

#Tesla finally reclaimed a critical pivot at $392.66, shifting momentum b"
WOULD_INSERT,wickedstocks,Wicked Stocks,9795,institutional,TSLA,bullish,price_target,439.92,90,2026-05-08,https://x.com/wickedstocks/status/2052742375223525507,"📺 $TSLA CLOSE ABOVE $418 CONFIRMS BREAKOUT TOWARD $439

Please ❤️like and 🔁share with fellow @Tesla traders/investors

#Tesla has shown strong momentum recently, closing Thursday at $411.79 (+3.29%) a"
WOULD_INSERT,wickedstocks,Wicked Stocks,9795,institutional,TSLA,bearish,price_target,409.03,90,2026-05-18,https://x.com/wickedstocks/status/2056360022670504113,"📺 $TSLA TESTS CRITICAL SELL ZONE AS MOMENTUM WEAKENS

Please ❤️like and 🔁share with fellow @Tesla traders/investors

#Tesla was down significantly on Friday and is trading lower on Monday, which mater"
WOULD_INSERT,wickedstocks,Wicked Stocks,9795,institutional,TSLA,bullish,price_target,450.44,90,2026-05-20,https://x.com/wickedstocks/status/2057094945572377080,"📺 $TSLA NEEDS TO DEFEND $403.07 TO RESUME THE RALLY

Please ❤️like and 🔁share with fellow @Tesla traders/investors

#Tesla is currently sitting directly on a major technical pivot that could determine"
WOULD_INSERT,wickedstocks,Wicked Stocks,9795,institutional,TSLA,bullish,price_target,450.0,90,2026-05-21,https://x.com/wickedstocks/status/2057413550398697930,"📺 $TSLA RECLAIMED KEY SUPPORT — $437 NEXT, $450 SOON

Please ❤️like and 🔁share with fellow @Tesla traders/investors

#Tesla had a strong rebound on Wednesday, and the recent sell-off may have already "
WOULD_INSERT,wickedstocks,Wicked Stocks,9795,institutional,TSLA,bearish,price_target,381.61,90,2026-06-02,https://x.com/wickedstocks/status/2061802162821210339,"📺 $TSLA TRIGGERED A SELL SIGNAL BELOW $423.01

Please ❤️like and 🔁share with fellow @Tesla traders/investors

#Tesla may have just triggered one of the most important technical developments of the pas"
WOULD_INSERT,wickedstocks,Wicked Stocks,9795,institutional,AMKR,bullish,price_target,87.59,90,2026-06-02,https://x.com/wickedstocks/status/2061868202997817485,"$AMKR is starting to show strength out of a large daily channel.

A daily settlement above $76.08 favors additional upside. But a settlement above $78.10 would be a new all-time high close and signal "
WOULD_INSERT,wickedstocks,Wicked Stocks,9795,institutional,TSLA,bearish,price_target,381.61,90,2026-06-03,https://x.com/wickedstocks/status/2062163545869959227,"📺 $TSLA SELL SIGNAL REMAINS ACTIVE BELOW $425.50

Please ❤️like and 🔁share with fellow @Tesla traders/investors

#Tesla remains stuck at a critical technical pivot, with the sell signal still active a"
WOULD_INSERT,wickedstocks,Wicked Stocks,9795,institutional,TSLA,bearish,price_target,381.61,90,2026-06-04,https://x.com/wickedstocks/status/2062521953093554526,"📺 $TSLA STILL BEARISH BELOW $427.99

Please ❤️like and 🔁share with fellow @Tesla traders/investors

#Tesla closed at $423.70 on Wednesday after an intraday rally that briefly pushed above an important"
WOULD_INSERT,wickedstocks,Wicked Stocks,9795,institutional,TSLA,bearish,price_target,381.61,90,2026-06-05,https://x.com/wickedstocks/status/2062885899218583859,"📺 $TSLA SELL SIGNAL STAYS ACTIVE UNLESS $430.48 BREAKS TODAY

Please ❤️like and 🔁share with fellow @Tesla traders/investors

#Tesla remains at a critical technical crossroads after closing at $418.45 "
WOULD_INSERT,yianisz,Yiannis Zourmpanos,9803,institutional,AMD,bullish,price_target,600.0,90,2026-05-27,https://x.com/yianisz/status/2059601510074552813,If $MU can reach a $1T+ MC just from being critical to AI memory.. I don’t see why $AMD can’t reach that too implying $600+ soon..
WOULD_INSERT,yianisz,Yiannis Zourmpanos,9803,institutional,RKLB,bullish,price_target,170.0,90,2026-05-27,https://x.com/yianisz/status/2059610569846444488,I think $160-180 is very possible if $RKLB momentum holds into the SpaceX IPO window. https://t.co/LLV7ugHYUy
WOULD_INSERT,yianisz,Yiannis Zourmpanos,9803,institutional,AEHR,bullish,price_target,,90,2026-05-28,https://x.com/yianisz/status/2060091115668148498,"$AEHR is the kind of semiconductor name people ignore until supply chains remind them testing is not optional.

Everyone wants to debate GPU winners, but burn-in capacity sits closer to the bottleneck"
WOULD_INSERT,yianisz,Yiannis Zourmpanos,9803,institutional,PLTR,bullish,price_target,,90,2026-05-31,https://x.com/yianisz/status/2061069746720661850,"I’m bullish $PLTR and the software sector but I’m not going to pretend the insider selling is nothing..

Over 24 months, insiders have reportedly sold billions while open-market buying is basically no"
WOULD_INSERT,yianisz,Yiannis Zourmpanos,9803,institutional,HIMS,bullish,price_target,40.0,90,2026-05-31,https://x.com/yianisz/status/2061108188619899020,"I actually think the market is underestimating how many shots on goal $HIMS has over the next 60–90 days.

The obvious one is Q2 earnings. But I'm more interested in everything around it.

You now hav"
WOULD_INSERT,yianisz,Yiannis Zourmpanos,9803,institutional,QCOM,bullish,price_target,,90,2026-06-01,https://x.com/yianisz/status/2061447481305575740,"Cristiano Amon just put a number on what many investors are missing: AI token generation could increase nearly 40x by 2030.

If that happens, the winners won't just be data center GPUs. More inference"
WOULD_INSERT,yianisz,Yiannis Zourmpanos,9803,institutional,NBIS,bullish,price_target,300.0,90,2026-06-01,https://x.com/yianisz/status/2061474010488049710,"$NBIS short interest keeps getting attention, but institutions now own only 52% of the company and that number is still rising..

The stock is making new all-time highs, revenue is growing triple digi"
WOULD_INSERT,yianisz,Yiannis Zourmpanos,9803,institutional,AVGO,bullish,price_target,,90,2026-06-04,https://x.com/yianisz/status/2062516719562940422,"$AVGO crashed post earnings, but I think the most interesting part of the call was hidden in a JPMorgan question.

Harlan Sur noticed the math doesn't fully reconcile.

H1 AI revenue is about $19B. Ho"
DUP_SKIP,yianisz,Yiannis Zourmpanos,9803,institutional,SPY,bullish,price_target,,90,2026-06-05,https://x.com/yianisz/status/2062906720645529995,Just buy the dip.. $SPY $QQQ
WOULD_INSERT,yianisz,Yiannis Zourmpanos,9803,institutional,SPY,bullish,position_disclosure,,365,2026-06-05,https://x.com/yianisz/status/2062962649025921280,"The selloff may have removed the biggest overhang.

The market has now largely priced out Fed cuts for 2026. That’s not new information anymore.

The next real catalyst is CPI on June 11.

If inflatio"
WOULD_INSERT,yianisz,Yiannis Zourmpanos,9803,institutional,SPY,bullish,price_target,,90,2026-06-06,https://x.com/yianisz/status/2063283203767504976,"let him cook

bullish $SPY $QQQ"
