id,source,ticker,direction,target,outcome,displayed_quote,context,human_verdict
632700,x,LAB,bullish,30.0,pending,"right now, $LAB has a $7B market cap and a $15B FDV. if #LAB goes up to $30, which is my liquidation price, that would mean its market cap reaches $14B and its FDV hits $30B, surpassing solana. holy shit.

https://t.co/g7Xxd62Ne6 https://t.","right now, $LAB has a $7B market cap and a $15B FDV. if #LAB goes up to $30, which is my liquidation price, that would mean its market cap reaches $14B and its FDV hits $30B, surpassing solana. holy shit.

https://t.co/g7Xxd62Ne6 https://t.co/kmxKdIuqDu",
630568,x,MGNI,bullish,20.0,pending,"$MGNI
-BTIG initiates Magnite coverage with a Buy rating on CTV growth 

-Sets $20 target
https://t.co/oJD0H0JyQB","$MGNI
-BTIG initiates Magnite coverage with a Buy rating on CTV growth 

-Sets $20 target
https://t.co/oJD0H0JyQB",
633436,x,AAPL,bullish,308.0,pending,"Source Friday trade ideas 5/22

If $AAPL holds 305 → next target 308
If not → no trade

If $AMD holds 450 → next target 480
If not → no trade

If $SPY holds 743 → next target 747
If not → no trade","Source Friday trade ideas 5/22

If $AAPL holds 305 → next target 308
If not → no trade

If $AMD holds 450 → next target 480
If not → no trade

If $SPY holds 743 → next target 747
If not → no trade",
611293,youtube,SH,bearish,,pending,"We need to make sure that between then and now, we don't end up in a V-shaped recession hole. And that's where the bull bear scale comes in.","ficial intelligence thanks to new industries being created via creative destruction or whatever. We'll see that turnaround by about 2029 to 2030, but we need to make sure that between then and now, we don't end up in a V-shaped recession hole. And that's where the bull bear scale comes in. And that'",
615914,youtube,MACRO,bullish,,pending,all of a sudden you actually have software that can be sold into more organizations or more departments because the AI will solve the problem that prevented other companies from not being able to deploy it before so right so all of a sudden,and then the other thing only other variable of Tam expansion that is sort of underexplored from from from the things I've looked at is all of a sudden you actually have software that can be sold into more organizations or more departments because the AI will solve the problem that prevented other c,
616582,youtube,SBUX,bullish,55.0,unresolved,if they grow at just seven percent per year and they have a p of 15 which is low for a company like this the intrinsic value conservatively would be 55. if they grow at 9 and 20 pe then we are at the present value of 79 for a 10 return so m,from an investing perspective let's look at our comparative table where we have starbucks here so earnings per share is what i took for the valuation if they grow at just seven percent per year and they have a p of 15 which is low for a company like this the intrinsic value conservatively would be 5,
614534,youtube,SOFI,bullish,,pending,Would SoFi SoFi benefit from the refi boom? And sure. I mean like like I mean you're asking like two two like we're this is a big ask. Okay. I'm not going to go into upstart right now. We've done Upstart analysis before. Upstart's like a ni,"l, we'll see. All right. So, let's go back here. Uh 26 will be a rerun of 25 without the volatility. Growth will remain steady. They're very bullish. Would SoFi SoFi benefit from the refi boom? And sure. I mean like I mean you're asking like two two like we're this is a big ask. Okay. I'm not going ",
608314,youtube,TSLA,bearish,,miss,"I've actually been locking in some profits on Tesla's stock just because like this whole situation, whether whether I agree or disagree with any of it socially, politically, putting all of that aside, the whole situation has just become a b","e America Party, to which Trump then responded by saying that Musk has gone completely off the rails. Well, as you guys know from my previous videos, I've actually been locking in some profits on Tesla's stock just because like this whole situation, whether whether I agree or disagree with any of it",
625225,youtube,MELI,bullish,,pending,"I see personally at least a double over the next 5 years, maybe even a little bit more","or many years to come. So, you're buying it pretty much at a one PEG ratio with the earnings growth likely sustainable for the next 3 to 5 years. So, I see personally at least a double over the next 5 years, maybe even a little bit more. I made the calculations about 150% on the upside. So, for me t",
611795,youtube,NVDA,bullish,,pending,"Our plan is going to be to continue to get data center hardware exposure from our largest position, which is Nvidia. They're the undisputed leader in a critical data center component, perhaps the most important, right?"," investor. You need to decide what to do here. Take the insights that we've provided you with today and use them to make better investment decisions. Our plan is going to be to continue to get data center hardware exposure from our largest position, which is Nvidia. They're the undisputed leader in ",
633767,x,ZAMA,bullish,,pending,"🟢LONG $ZAMA WITH ME GUYSS

❌SL: 0.03272
💵TP: 0.03477 - 0.03545 https://t.co/1ZKLI7LsHd","🟢LONG $ZAMA WITH ME GUYSS

❌SL: 0.03272
💵TP: 0.03477 - 0.03545 https://t.co/1ZKLI7LsHd",
615683,youtube,META,neutral,,near,"Meta still not ready. Now, this is a level I pointed out last night is from the April low to the all-time high here, we pulled back precisely 61.8%. Now, everyone's been trying to buy the dip in here, and it's been down 1 2 3 4 five. Well, "," a higher low and then look at it as a bounce in an intermediate term downtrend with something still, you know, the burden of proof is on the buyers. Meta still not ready. Now, this is a level I pointed out last night is from the April low to the all-time high here, we pulled back precisely 61.8%. N",
624762,youtube,DIS,bearish,,pending,Video title: My Divorce Is Costing Me a Fortune ($200k and Counting) Channel: The Ramsey Show Highlights Published: 2026-05-04 Transcript: music] >> Zander shops all the top term insurance companies to save you money. Get started at zander.,"[music] >> Zander shops all the top term insurance companies to save you money. Get started at zander.com. Well, I'm going through a now 3-year divorce and having hard time uh financing the rest of the divorce. We've used up quite a bit of assets during that time. Um so You and your ex-wife Yes. Yea",
612065,youtube,COIN,bullish,,pending,"I know that you see them no support. Once this passes, depending how it passes, their stock will go higher. crypto. The big seven are the ones I think rally the most.","bbying money thrown at this. Over 100 million. Like I expect it to get done. Now I will tell you who's going to win. Who's going to win? Mo Coinbase. I know that you see them no support. Once this passes, depending how it passes, their stock will go higher. crypto. The big seven are the ones I think",
629959,x,RR,bullish,,pending,"$RR Fear creates opportunity 👀

Price down 30% from the recent highs for subwave 2.

Reclaiming the 50DMA would be very bullish.

Long term Wave 3 target: 516% 🚀 https://t.co/QQvRN7mv7o","$RR Fear creates opportunity 👀

Price down 30% from the recent highs for subwave 2.

Reclaiming the 50DMA would be very bullish.

Long term Wave 3 target: 516% 🚀 https://t.co/QQvRN7mv7o",
632777,x,BABA,bullish,117.0,pending,"$BABA  at the 200‑week isn’t $MSFT  in March. Price sits ~$110 premarket after a -4.7% gap with a DoD “military company” overhang, AI capex noise, and a -26% slide vs its 200‑day. Support exists, but supply is active.

Strong take: BUY only","$BABA  at the 200‑week isn’t $MSFT  in March. Price sits ~$110 premarket after a -4.7% gap with a DoD “military company” overhang, AI capex noise, and a -26% slide vs its 200‑day. Support exists, but supply is active.

Strong take: BUY only on a weekly reclaim > $116–$118; otherwise wait for $103–$1",
612719,youtube,TSLA,bullish,400.0,pending,I've got just shy of 10 million units out 10 years. I'm going to caution you here there's a big if here this whole thing is predicated on a lot of assumptions but the biggest driver here is saying hey car sales are going to go from 1.3 bill,sales and the market the street is saying hey that's going to continue that they're going to continue to grow at a very healthy clip um I my forecast I've got just shy of 10 million units out 10 years um Arc investment is saying 17 million cars low end of the street conservative forecast is 13 milli,
625296,youtube,TTD,bullish,,delisted,I'm using the opportunity to pick up more shares though on a company I believe is going to be one of the next gen magnificent 7 in the future,t earnings Expectations by a long shot and reported Revenue up 22% on the year but did miss those sales forecasts sending the shares diving lower now I'm using the opportunity to pick up more shares though on a company I believe is going to be one of the next gen magnificent 7 in the future trade di,
624665,youtube,NQ,bullish,,pending,ये फंड मैनेजर ना बदल गया है या अब मेरे को फंड का जैसा ऑपरेशन चल रहा है वो पसंद नहीं है मुझे निकलना है तो इन्वेस्टर निकल तो नहीं सकता यानी इन्वेस्टर फंस जाएगा तो ऐसे में मैं नहीं चाहता कि हमारे इन्वेस्टर्स किसी एग्रेसिव या वोलेटाइल फंड में फ,चक्कर में खराब समय में नेगेटिव रिटर्न्स आ जाए तो इस कैटेगरी में एक्स्ट्रा रिस्क ना लेना इज गुड एक और कारण से इट्स गुड बिकॉज़ अगर मैं चाहता हूं कि यार ये फंड मैनेजर ना बदल गया है या अब मेरे को फंड का जैसा ऑपरेशन चल रहा है वो पसंद नहीं है मुझे निकलना है तो इन्वेस्टर निकल तो नहीं सकता यानी इन्वेस्टर फं,
626884,youtube,TSLA,bearish,350.0,near,Freaking Tesla going down.,"Back at it again. Back at another day in the day. Oh, stock market. Freaking Tesla going down. Stock market going down. What the hell is happening? I'll tell you exactly what's happening. What's happening is exactly what you would expect to happen. Why? Because we're going to be getting data. Now, t",
628458,youtube,INTC,bearish,100.0,pending,"I think you can retest the 100 on this move. Maybe even the 50 period on the daily, but that's a long way from here.","ak flat bottom breaking on this headline through one call it 113 and a half. So overall, like the structure is a lower high on the daily. Boom. Boom. I think you can retest the 100 on this move. Maybe even the 50 period on the daily, but that's a long way from here. So I'm shorting pops on this one.",
606694,youtube,TXN,bullish,190.53,hit,but the reality of the market right now is there really aren't a lot of great opportunities as we have seen the market rally quite a bit over the last couple of months but with that being said I still think this company is trading at a dece,ou definitely want to be valuing companies even when you think they're a little bit overvalued so when they do drop you know what a good buy range is but the reality of the market right now is there really aren't a lot of great opportunities as we have seen the market rally quite a bit over the last,
622261,youtube,MSFT,bullish,,hit,"I like Microsoft. I think it's gotten really highly valued here, but there was some reasons for it because they did have some acceleration in growth.","you do buy it when the valuation is low, you do have opportunity to make some pretty healthy rates of return. Valuation matters and it matters a lot. I like Microsoft. I think it's gotten really highly valued here, but there was some reasons for it because they did have some acceleration in growth. ",
607744,youtube,TSLA,bullish,300.0,hit,thus he maintained his outperform rating with a $300 price Target on the stock so yeah guys those are some very bullish sentiments there,thus he maintained his outperform rating with a $300 price Target on the stock so yeah guys those are some very bullish sentiments there,
635184,x,XOM,bullish,172.0,pending,"$XOM
-Cowen reiterates Exxon Mobil $172 target
Buy
-
$XPO
-Citi raises XPO target to $236 from $221
Neutral
-
$ZION 
-Stephens resumes Zions Bancorp coverage at Overweight
$79 target
--","$XOM
-Cowen reiterates Exxon Mobil $172 target
Buy
-
$XPO
-Citi raises XPO target to $236 from $221
Neutral
-
$ZION 
-Stephens resumes Zions Bancorp coverage at Overweight
$79 target
--",
627584,youtube,MSFT,bullish,,pending,I got to be adding more of that stock this month,r mouthwatering dividends and of course Microsoft for being uh just one of the best allaround stocks ever in my opinion to only be up 1% on that yeah I got to be adding more of that stock this month too but how about the negatives how about the ones in the red well uh apart from probably by do and s,
609069,youtube,PYPL,bearish,,hit,so right now paypal is a short,as happened and look how short these times are this goes back to me saying you guys you need to know your stocks and it'll be more beneficial for you so right now paypal is a short it's only lasted maybe three weeks or something like that is this really something that you want to get into as a short,
607334,youtube,MSFT,bullish,,miss,I like the stock even here and I've been a buyer myself,om line so with the market cap at like half the size of Nvidia and apple who I actually think they should be worth more than either one of those well I like the stock even here and I've been a buyer myself it easily gets the number one spot all right with that said though we do have just one more pu,
614850,youtube,AMD,bullish,,unresolved,"If AMD doesn't go green at the open, it's a bad day. Like, I I I don't think it's an opinion anymore. I think it's a fact.",". Straight selling. This is, by the way, a condition of being able to go green. Like, I I I don't think it's an opinion anymore. I think it's a fact. If AMD doesn't go green at the open, it's a bad day. Nvidia as well. Look at this. Straight down punishment. Terrible. Tesla joining. Palunteer joinin",
611702,youtube,SPY,bullish,,pending,"Now 2026 is shaping up to be a very abnormal year. It would not surprise me to see 8,500, even maybe 9,000 on the S&P 500.",our portfolio. Build up your cash pile so that you have both the protection for bad times and the dry powder to go in when the market actually drops. Now 2026 is shaping up to be a very abnormal year. It's going to have a lot of insanity. We're going to see markets go to new highs. It would not surp,
631051,youtube,XOM,bullish,,pending,I really like having energy stocks and Exxon specifically in your portfolio I think it provides a good natural head for you know inflation if that were to come back of course if we were get you know any more or an expansion in geopolitical ,ng a look at this company looks to me like you're buying it at a pretty good margin of safety relatively High you know dividend yield but most of all I really like having energy stocks and Exxon specifically in your portfolio I think it provides a good natural head for you know inflation if that wer,
609809,youtube,NOC,bullish,,pending,am i in love this company no but am i putting on a radar absolutely because it's it is selling for probably close to the mid-20s and pe and it's not going to take much for it to drop to a price that makes sense for you,"The company I have never heard of Paul is called Northrop Grumman. Am I stupid? that one before. This is an aerospace and defense company. The ticker symbol is NOC. NOC for Gary. I know we know nothing about this. If you're watching this later, we know nothing about this company. This has been a que",
608068,youtube,MAA,bullish,,hit,I think 2025 and Beyond is going to look amazing for these companies,ca I also believe 2024 will be the worst year for them the bottom in terms of sentiment in terms of you know ffo per share in terms of everything and I think 2025 and Beyond is going to look amazing for these companies but it could could play out before then it could play out after that which is why,
630781,youtube,COST,bearish,620.0,pending,We think Costco stock is worth $620.,"ate on low product margins. Costco has carved out a wide economic moat stemming from two moat sources which are cost advantage and intangible assets. We think Costco stock is worth $620. Walmart's strength lies in large part in its physical store base. It's 4,600 US stores are located within 10 mile",
606510,youtube,SQ,bearish,20.0,pending,my number is insanely low go ahead paul i'm gonna look at this company thinking to myself twenty dollars a share especially with the dilution i mean it's an insane amount it's gotta drop so much for me to be interested because they're dilut,my number is insanely low go ahead paul i'm gonna look at this company thinking to myself twenty dollars a share especially with the dilution i mean it's an insane amount it's gotta drop so much for me to be interested because they're diluted it's super expensive and they're diluting the heck out of,
630493,x,HYPE,bullish,,pending,"🟢 LONG $HYPE WITH ME GUYSS

❌SL: 58.2
💸TP: 62.5 - 64.5 - 66.5 https://t.co/UKkSrzMNlJ","🟢 LONG $HYPE WITH ME GUYSS

❌SL: 58.2
💸TP: 62.5 - 64.5 - 66.5 https://t.co/UKkSrzMNlJ",
612120,youtube,TLT,bullish,,pending,"By June, I am expecting a rate cut though. And um for multiple reasons, new people in there and everything else.","ere were a few people who wanted the rate cuts in the Fed as well. So, as we get a change of leadership and everything else, we'll see how this goes. By June, I am expecting a rate cut though. And um for multiple reasons, new people in there and everything else. So, I don't know. Uh we'll we'll we'l",
616353,youtube,XLY,bullish,,hit,"In a soft landing scenario, cyclicals like industrials, financials, and discretionary names take the early lead after rate cuts and money rotates from bonds into equities.","Everyone seems to keep asking when is the Fed going to cut its rates. Wrong question. The smarter one is what happens after they cut? Because a rate cut, well, it's not magical. It's just simply the first domino. What really matters is how the others fall. And history does show us that the first 90 ",
629469,youtube,TSLA,bearish,,pending,Tesla will be interesting and I probably think it's a better short underneath the entirety of this as overhead supply,gh in hindsight. And uh Meta does not play recovery. That's it. Meta looking for downside under 70825 or lower highs at 71650. Moving along to Tesla. Tesla will be interesting and I probably think it's a better short underneath the entirety of this as overhead supply. Maybe a little bit of head and ,
633050,x,SOFI,bullish,38.0,pending,"$SOFI 🚨BREAKING NEWS🚨

Mizuho reiterates $38 price target on SOFI https://t.co/vqJ4VKMzeg","$SOFI 🚨BREAKING NEWS🚨

Mizuho reiterates $38 price target on SOFI https://t.co/vqJ4VKMzeg",
632816,x,AAPL,bullish,311.0,pending,"$AAPL  is 1.5% below its 52‑week high with RSI ~72 and Services margin at 75% in my live data. 

A daily close ≥303.2 unlocks 309–313 quickly; a slip &lt;298.5 delays it. Decision: BUY strength through 303.2; WAIT otherwise.","$AAPL  is 1.5% below its 52‑week high with RSI ~72 and Services margin at 75% in my live data. 

A daily close ≥303.2 unlocks 309–313 quickly; a slip &lt;298.5 delays it. Decision: BUY strength through 303.2; WAIT otherwise.",
616077,youtube,CRWV,bullish,279.0,pending,"If the forward PE multiple were to come in at 125, the stock price could more than triple to $279 per share by the end of next year.","ere investors are concerned about a potential for an AI bubble, but for the next 12 to 24 months, the spending is likely to persist and increase. So, if the forward PE multiple were to come in at 125, the stock price could more than triple to $279 per share. If the forward PE stays at 80 or ends at ",
611502,youtube,INTC,bullish,,pending,"Intuitit's got a phenomenal business model, Turboax, so taxes need to always be done. So, it's a strong moat regardless of the economy. They obviously have their QuickBooks product. They have other products as well, but QuickBooks, like if ","do they fend off competition well over the years and should in future years, but also they do well regardless of the economy. Companies like Intuitit Intuitit's got a phenomenal business model, Turboax, so taxes need to always be done. So, it's a strong moat regardless of the economy. They obviously",
633769,x,WET,bullish,,pending,"🟢LONG $WET WITH ME GUYSS

❌SL: 0.10542
💵TP: 0.11201 - 0.11421 https://t.co/Odk2bh089J","🟢LONG $WET WITH ME GUYSS

❌SL: 0.10542
💵TP: 0.11201 - 0.11421 https://t.co/Odk2bh089J",
633520,x,TSLA,bullish,,pending,Another good trading day. I'm mostly holding puts overnight except $TSLA where I have a moderate call position. This week I've held puts but day traded calls effectively. An overnight move up will likely be minimal while an overnight drop c,Another good trading day. I'm mostly holding puts overnight except $TSLA where I have a moderate call position. This week I've held puts but day traded calls effectively. An overnight move up will likely be minimal while an overnight drop could be massive is reasoning for it,
606706,youtube,USB,bullish,42.79,miss,so when we jump over to the output tab I'll zoom out just a little bit so we can see things better but the three valuations 4659 multiples at 3620 dividend discount model at 44.59 and while the current price attainable Book value doesn't gi,rward on projecting a dividend growth rate of 4.5 percent discount rate of nine percent that gives us a dividend discount model price per share 44.59 so when we jump over to the output tab I'll zoom out just a little bit so we can see things better but the three valuations 4659 multiples at 3620 div,
607205,youtube,ON,bullish,,pending,yes ON Semiconductor has a very fine Outlook through 2027 you can see that their revenue is expected to be 10 to 12% in compound annual growth rate which would be three times their peers in the semiconductor IND industry gross margin operat,yes ON Semiconductor has a very fine Outlook through 2027 you can see that their revenue is expected to be 10 to 12% in compound annual growth rate which would be three times their peers in the semiconductor IND industry gross margin operating expenses operating margin capex all expected to improve ,
629956,x,AGEN,bullish,,pending,"$AGEN Nearing a breakout 👀

Price is pressuring the trendline and wants the breakout.

Flipping the 50WMA to support is where I'm interested.

Wave 3 target: 208% 🚀 https://t.co/NcLbx2uxUG","$AGEN Nearing a breakout 👀

Price is pressuring the trendline and wants the breakout.

Flipping the 50WMA to support is where I'm interested.

Wave 3 target: 208% 🚀 https://t.co/NcLbx2uxUG",
631713,x,JCT,bullish,,pending,"🏋️ $JCT  just saw 3.7x buying volume, real demand or trap?

- This 3.7x volume anomaly with strong price action and mostly bullish indicators suggests genuine accumulation or an event-driven breakout, which typically precedes further upside","🏋️ $JCT  just saw 3.7x buying volume, real demand or trap?

- This 3.7x volume anomaly with strong price action and mostly bullish indicators suggests genuine accumulation or an event-driven breakout, which typically precedes further upside. 
- I expect the price to RISE further in the short term, t",
632876,x,SLDP,bullish,,pending,"$SLDP no concerns. 👀

Price down 8% yesterday, pulling back closer to the 50DMA on lower volume.

Support there is another opportunity to add.

If price falls below and rejects then I will be cautious.

Wave 3 target: +360% 🚀 https://t.co/G","$SLDP no concerns. 👀

Price down 8% yesterday, pulling back closer to the 50DMA on lower volume.

Support there is another opportunity to add.

If price falls below and rejects then I will be cautious.

Wave 3 target: +360% 🚀 https://t.co/Gdrj8tw9vJ",
634815,x,OSCR,bullish,,pending,"$OSCR called sub-75 MLR as the re-rating trigger the night before earnings 🎯

70.5% MLR. 
3.2M members up 56%. 
$679M net profit. 
Highest in company history. 
Still at 0.3x sales
Best ceo in healthcare
CEO targeting $45 to $55 by eoy

This","$OSCR called sub-75 MLR as the re-rating trigger the night before earnings 🎯

70.5% MLR. 
3.2M members up 56%. 
$679M net profit. 
Highest in company history. 
Still at 0.3x sales
Best ceo in healthcare
CEO targeting $45 to $55 by eoy

This is just the start 💪🚀 https://t.co/W3daj6uNlr",
611758,youtube,SPY,bearish,,miss,elevated risk of a market bubble in the stock market right now,"h means that it certainly counts as a red flag and we have an five out of eight here. And unfortunately, the verdict here is that we certainly have a elevated risk of a market bubble in the stock market right now. Five out of eight test point us to a 62 and a half likelihood that we are in a market ",
614000,youtube,MSFT,bullish,,miss,Microsoft we talked about two weeks ago on the program that was your buying opportunity because here you are in this uptrend we said there was two Fang stocks that you could buy Microsoft was one of them because you were touching the bottom,ptrend I mean we were in an uptrend and then we straight wind parabolics pullbacks back down to like 160 that's the first area where looking for that Microsoft we talked about two weeks ago on the program that was your buying opportunity because here you are in this uptrend we said there was two Fan,
632264,x,ROBO,bullish,,pending,"$ROBO is knocking on the door of a major breakout. 🤖🚀

CMP: $0.02115 
🎯 Target 1: $0.02180 (PDH) 
🎯 Target 2: $0.02285 (premium supply zone) 
🛡️ Support: $0.02058 (PWH)

Liquidity has been swept, structure flipped bullish, and buyers are de","$ROBO is knocking on the door of a major breakout. 🤖🚀

CMP: $0.02115 
🎯 Target 1: $0.02180 (PDH) 
🎯 Target 2: $0.02285 (premium supply zone) 
🛡️ Support: $0.02058 (PWH)

Liquidity has been swept, structure flipped bullish, and buyers are defending the weekly high. 👀

A clean reclaim above $0.02180 c",
631149,x,RXRX,bullish,3.5,pending,"$RXRX Setting up a nice falling wedge on the 1W timeframe, with stock now above the 1W HMA. 

If we hold this $3 level here, and stock starts grinding towards the $3.5 level breaking out of this wedge, stock can produce something really goo","$RXRX Setting up a nice falling wedge on the 1W timeframe, with stock now above the 1W HMA. 

If we hold this $3 level here, and stock starts grinding towards the $3.5 level breaking out of this wedge, stock can produce something really good going forward.

Pretty nice setup worth having an eye on h",
609784,youtube,BIG,bullish,,pending,i said gary i really like this company what am i missing his comment was paul would you be surprised if big lots wasn't around in five years because i would not be so i'm not investing and me being the person that did exactly what everybody,i said gary i really like this company what am i missing his comment was paul would you be surprised if big lots wasn't around in five years because i would not be so i'm not investing and me being the person that did exactly what everybody else does out there like okay gary's better than me investi,
633475,x,NVDA,bullish,,pending,Sold all my may 8/may15 $NVDA calls that I bought yesterday. After 6 down days and hitting mid bolinger it it was a good r/r to play some short terms for a pop. Added June calls. Like this above 220 so will be adding on drops to support lev,Sold all my may 8/may15 $NVDA calls that I bought yesterday. After 6 down days and hitting mid bolinger it it was a good r/r to play some short terms for a pop. Added June calls. Like this above 220 so will be adding on drops to support levels and trying to actively trade it,
605645,youtube,NFLX,bullish,,pending,"I currently hold Netflix in my story fund the gains on it are around $56,000 and it's now moved up to my largest position I continue to hold every share as I still think the future is bright","re than made up for it this is operating leverage at play and share count continues to decline as they're funneling a lot of money back into BuyBacks I currently hold Netflix in my story fund the gains on it are around $56,000 and it's now moved up to my largest position I continue to hold every sha",
632351,x,NVDA,bullish,,pending,"$NVDA

$300 by EOY?

$NVDA is moving again.

$NVDA is up 18,80% YTD, missing out on the Semi rally.

I anticipate $NVDA has 33% upside until EOY.

This is not investment advice.
https://t.co/O0PqdXzkCG https://t.co/lEBXwjRvv0","$NVDA

$300 by EOY?

$NVDA is moving again.

$NVDA is up 18,80% YTD, missing out on the Semi rally.

I anticipate $NVDA has 33% upside until EOY.

This is not investment advice.
https://t.co/O0PqdXzkCG https://t.co/lEBXwjRvv0",
634613,x,BTC,bullish,,pending,"My $BTC Spot Limits Look Like This:

Aggressive Scales (60%)
40% at 58,900
20% at 54,565

Moderate Scale (15%)
15% at 49,050

Max Discount Scales (25%)
12% at 41,553
13% at 37,638

The Swing Short acts as a hedge while I accumulate Spot. I’","My $BTC Spot Limits Look Like This:

Aggressive Scales (60%)
40% at 58,900
20% at 54,565

Moderate Scale (15%)
15% at 49,050

Max Discount Scales (25%)
12% at 41,553
13% at 37,638

The Swing Short acts as a hedge while I accumulate Spot. I’ll be taking profits on it once we start getting confirmatio",
614711,youtube,DB,bearish,,unresolved,Are you still short Deutsche Bank? Still short Deutsche Bank. Three years I'm three years in running. The problem Deutsche Bank now suffers from is they're trying to shrink themselves to profitability and that's impossible. They're gonna sh,you know for the past two months I've been checking this graph of the Fed's balance sheet and just seeing it soar upwards the the balance sheet of the Fed is going up like crazy and to a lot of people they say that sounds a lot like quantitative easing but we have Jerome Powell here he's here to exp,
612670,youtube,QQQ,bearish,586.0,unresolved,"If we dip down and we cross over the 586 on the weekly candle over the next month, that's huge bad. And I do think we'd go back down to the 50 EMA. The below is 586. That's what we're watching for there.","ek. If we turn red, that gives us sort of a less shoulder here. Not that it's big. The head kind of a right shoulder. Never got back up to there. And if we dip down and we cross over the 586 on the weekly candle over the next month, that's huge bad. And I do think we'd go back down to the 50 EMA. Um",
634857,x,BTC,bullish,,pending,"This is starting to look a bit absurd.

Funding on $BTC has turned heavily negative as bears fight hard to defend the $74.5K level. If they fail to hold it, they could trigger a massive squeeze against themselves. For now, their selling pre","This is starting to look a bit absurd.

Funding on $BTC has turned heavily negative as bears fight hard to defend the $74.5K level. If they fail to hold it, they could trigger a massive squeeze against themselves. For now, their selling pressure is being absorbed.

The last time funding looked like ",
610920,youtube,MTD,bullish,,miss,mtd mettler toledo i'm not too familiar with this company i think they make scales and different devices for laboratories. just a quick glance at the metrics here and literally every single chart on the list is moving in the right direction,e a lot this is one that i'd assume he would be buying more of or at least hanging on to but he trimmed the position by eight percent the next one is mtd mettler toledo i'm not too familiar with this company i think they make scales and different devices for laboratories and different applications l,
611398,youtube,CCL,bullish,,pending,"Number three, I like Carnival Cruise Line. I do like it as a stock overall if we're thinking about for the next 10, 20 years. We know the boomers, they love to go on cruises and there's going to be a lot of cruises to go on over the next ma","We look at the public account here today, up $53,000, and we say, is this just a little tease or are we back to flipping flapjacks because this market is all over the place. It doesn't know if it wants to go up, doesn't know if it wants to go down. Big tech stocks don't know if they want to see mome",
624928,youtube,SPY,bullish,,pending,"The return of Kimmel, whether you watch him or not is a is a win for America. It's a win for the First Amendment."," with their real estate bust. There are also excesses in capitalism like we saw with the real estate bust in 2008. So it can go both ways. That said, the return of Kimmel, whether you watch him or not, I never used to watch. Whether you watch him or not is a is a win for America. It's a win for the ",
611305,youtube,AAPL,bullish,,hit,"Did y'all see the new uh Apple Neo yesterday? Man, that's freaking brilliant by Apple. Oh my gosh. This This was so brilliant. What was it like $499 for this computer? So smart."," anything new? Demand from Alibaba and other giants boost China's homegrown memory supplies. Well, it makes sense. Get your memory where you can. Oh, did y'all see the new uh Apple Neo yesterday? Man, that's freaking brilliant by Apple. Oh my gosh. This This was so brilliant. What was it like $499 f",
633135,x,TIA,bullish,,pending,"#TIA $TIA LONG TRADE

ENTRY: 0.401

TARGET: 0.431

STOPLOSS: 0.3902 https://t.co/YQi26NapRl","#TIA $TIA LONG TRADE

ENTRY: 0.401

TARGET: 0.431

STOPLOSS: 0.3902 https://t.co/YQi26NapRl",
630544,x,NVDA,bullish,222.0,pending,"$NVDA 217c 6/10 filled at 4.40 - PT 222/224/230
$SPY $SPX $QQQ","$NVDA 217c 6/10 filled at 4.40 - PT 222/224/230
$SPY $SPX $QQQ",
628712,youtube,WY,bullish,,pending,you're going to make a heck of a lot of money. And that is essentially what Wirehouser does for you in a public form.,"y use leverage, especially when we have a paper currency system. So if you could get a 4 and a half% mortgage for 20 years on 10,000 acres of timber, you're going to make a heck of a lot of money. And that is essentially what Wirehouser does for you in a public form. And it's what all it's how all t",
634308,x,SOL,bullish,117.0,pending,"$98 is the level that could signal a bullish breakout for Solana.

Since February, $SOL has been moving within a well-defined channel. I’ve identified the boundaries at $78 (Floor) and $98 (Ceiling), with $88 as the current pivot point.

We","$98 is the level that could signal a bullish breakout for Solana.

Since February, $SOL has been moving within a well-defined channel. I’ve identified the boundaries at $78 (Floor) and $98 (Ceiling), with $88 as the current pivot point.

We recently tested that $98 resistance, which resulted in a qu",
611466,youtube,RVLV,bullish,,pending,"Revolve, great CEOs at that particular company. They've done a phenomenal job running the business over the years. They got through all these storms, and like they emerged on the other side stronger than ever. If it runs, it's going to run ","You got to be flipping my flapjacks. We have drama, ladies and gentlemen. Don't we just love it? We love that drama, don't we, huh? Market uh down about 700 points on the Dow here today. Uh S&P 500 down over 2%, Nasdaq down close to 600 points here today. Oh boy, it's a sell America's back. Okay, I ",
614086,youtube,TLT,bullish,,pending,"We're forecasting the yield curve to steepen. So, we are looking for long-term rates to decline over time, but to decline at a slower rate than short-term rates.","right for the banks. You know, today we've got the Fed easing monetary policy, so they're going to be paying less for short-term borrowing over time. We're forecasting the yield curve to steepen. So, we are looking for long-term rates to decline over time, but to decline at a slower rate than short-",
626220,youtube,HNST,bullish,,pending,I have them going 750 plus over the next 3 years. I think Honest is the most disrespected super small cap," in play. So, SoFi I have going 40 plus over the next 3 years. And Honest, I that one might surprise people cuz Honest is a two buck chuck right now. I have them going 750 plus over the next 3 years. I think Honest is the most disrespected super small cap cuz it's only like a $500 million market cap",
627375,youtube,ACHR,bullish,,pending,I personally think that this is a $15 stock in 12 months," price target ranging from essentially $1092 to $125. So even the most bearish analysts still have baked in a bit of growth into the company. Whereas I personally think that this is a $15 stock in 12 months. And if you think about it, you're like 15's not that much. It's only 10. My man, dude, $15 c",
632943,x,BTC,bullish,,pending,"$100-$1000 challenge
(Trade 39)
$BTC LONG
Take profit: $73500
SL: $69500
Keep your notifications on for next update https://t.co/l5T31zkNFZ","$100-$1000 challenge
(Trade 39)
$BTC LONG
Take profit: $73500
SL: $69500
Keep your notifications on for next update https://t.co/l5T31zkNFZ",
633559,x,BTC,bearish,,pending,"$BTC hits $66,000 and RSI reaches 21 on the daily chart. 👀

It's oversold but can remain that way. 

Saylor said he would never sell, then he sold. 

Capitulation. https://t.co/39zDDNUAbY","$BTC hits $66,000 and RSI reaches 21 on the daily chart. 👀

It's oversold but can remain that way. 

Saylor said he would never sell, then he sold. 

Capitulation. https://t.co/39zDDNUAbY",
609258,youtube,V,neutral,335.0,pending,"And then we have two stocks that in my view go hand in hand, Visa and Mastercard. The famed duopoly of the payment processing business. Visa is at $350.7. Mastercard at $51.87. My buy price for Visa is at $335.","And then we have two stocks that in my view go hand in hand, Visa and Mastercard. The famed duopoly of the payment processing business. Visa is at $350.7. Mastercard at $51.87. My buy price for Visa is at $335.",
605883,youtube,NFLX,neutral,,pending,"Now, Netflix, we talked about in the past that this stock was the first out of the downtrend. This was after the 2022 drop. This was the first stock out of that downtrend. And this was the first fang stock to reverse from the highs. It made"," should have support in the 211 range. A dream scenario is this market continues to sell off and you get this one back at 200. That would be a dream. Now, Netflix, we talked about in the past that this stock was the first out of the downtrend. This was after the 2022 drop. This was the first stock o",
633398,x,DEGEN,bullish,,pending,"Degen looks very Bullish 
Daily frame me achha breakout hua hai
Thodi correction aani chahiye then 0.002$ ki range tak jana chahiye price $DEGEN ka. https://t.co/2qEhE0ZttC","Degen looks very Bullish 
Daily frame me achha breakout hua hai
Thodi correction aani chahiye then 0.002$ ki range tak jana chahiye price $DEGEN ka. https://t.co/2qEhE0ZttC",
633086,x,ACHR,bullish,,pending,"Just on spot, we’re now up +18% since we entered $ACHR.

Told you this was my gift to you. https://t.co/2ch3rBDH3r","Just on spot, we’re now up +18% since we entered $ACHR.

Told you this was my gift to you. https://t.co/2ch3rBDH3r",
634850,x,WTI,bearish,,pending,"I’ve honestly been following the US-Iran headlines almost every day lately because the oil market has been reacting to every small update extremely fast. 

Now VP JD Vance confirming that a tentative deal was reached between the US and Iran","I’ve honestly been following the US-Iran headlines almost every day lately because the oil market has been reacting to every small update extremely fast. 

Now VP JD Vance confirming that a tentative deal was reached between the US and Iran feels like a major turning point for traders watching $WTI.",
614130,youtube,TLT,bullish,,miss,Morning Star's economics team and market watchers are predicting the Federal Reserve will lower rates more than once in the final months of 2025.,today's interest rate environment. The longer end of the yield curve may look more appealing since anticipation is building about interest rate cuts. Morning Star's economics team and market watchers are predicting the Federal Reserve will lower rates more than once in the final months of 2025. What,
624642,youtube,TSLA,bearish,,pending,"Yeah, cuz you asked about you know, when do you just file bankruptcy? Well, you you sell everything including the house to avoid a bankruptcy. You know, even cash I I don't want you to right now cuz we don't have enough time to dig into the","take home pay just in this new mortgage. So, you might need to look into selling the house and downsizing if you can't solve this within 6 months. >> Yeah, cuz you asked about you know, when do you just file bankruptcy? Well, you you sell everything including the house to avoid a bankruptcy. You kno",
631994,x,JCT,bearish,,pending,"⚡️⚡️  $JCT/USDT  ⚡️⚡️

Signal Type: Regular (#Short)
Leverage: Cross (20х)

Entry Targets:
0.006579

#Take_Profit #Targets:
1) 0.00648
2) 0.00641
3) 0.00635
4) 0.00625
5) 0.00618
6) 0.00609
7) 🚀🚀🚀

Stop Targets:
5-10%

https://t.co/3Y9P5cq2","⚡️⚡️  $JCT/USDT  ⚡️⚡️

Signal Type: Regular (#Short)
Leverage: Cross (20х)

Entry Targets:
0.006579

#Take_Profit #Targets:
1) 0.00648
2) 0.00641
3) 0.00635
4) 0.00625
5) 0.00618
6) 0.00609
7) 🚀🚀🚀

Stop Targets:
5-10%

https://t.co/3Y9P5cq29x",
633724,x,SOL,bearish,,pending,"🟢Short $SOL WITH ME GUYSS

⚡️Entry: now
💊DCA: 91.75
❌ SL: 94.601
💵TP: - 87.45 - 86.1 - 84.8 https://t.co/RRhnGUPZiW","🟢Short $SOL WITH ME GUYSS

⚡️Entry: now
💊DCA: 91.75
❌ SL: 94.601
💵TP: - 87.45 - 86.1 - 84.8 https://t.co/RRhnGUPZiW",
615083,youtube,FUBO,bullish,,miss,"Fubo is about to be the big time. You know why? Because we got, you know, we're about to go into July here in just a bit. July and August are the summer months that we're leading up to football season, right? September, October, November, D","AMD keep rolling, rolling, rolling, rolling. Oh my gosh, look at AMD. Up again today. Unbelievable. Now at $42,000 plus dollars in the public account. Congratulations to everybody that owns AMD stock out there. It is starting to become a real money maker. Look at this stock since that market bottom,",
611830,youtube,MSOS,bullish,,pending,"So we want to consider sustainability because until you have federal legalization, these companies need to survive at the minimum, right? And look here, 65% of the market cap in that ETF would consist of three names. So those are names cert","d earlier. And look here, 65% of the market cap in that ETF would consist of three names. So those are names certainly we'd want to have exposure to. So we want to consider sustainability because until you have federal legalization, these companies need to survive at the minimum, right? So we can lo",
614170,youtube,SMCI,bearish,,hit,you have a huge investment in inventories and receivables and so that turns into a question of like okay is you know is their actual Revenue going out you know or is excuse me is there actual you know customer cash coming in from their cust,in just the last few months super micro stock has lost over 50% of its value this is smci stock I pr previously did a video on super micro effectively warning investors you know the valuation just didn't make sense wasn't super compelling I didn't see you know continued significant upside I thought ,
635058,x,SQD,bullish,,pending,"⬆️ Massive Buy-Side Volume on $SQD  at 41.0x

- With the 41.0x volume surge and a +7.7% jump, combined with bullish signals across all momentum and trend indicators, I expect the price to RISE further in the short term.
- The most likely sc","⬆️ Massive Buy-Side Volume on $SQD  at 41.0x

- With the 41.0x volume surge and a +7.7% jump, combined with bullish signals across all momentum and trend indicators, I expect the price to RISE further in the short term.
- The most likely scenario is a brief consolidation or shallow pullback, followe",
634544,x,BTC,bearish,,miss,"$BTC entered the weekend-range again.

Bitcoin had a nice move towards the H1 swing-high, which is now also the rangehigh for this weekend.

We're in weekend liquidity now, so not expecting big moves.

Though, I need to be careful saying th","$BTC entered the weekend-range again.

Bitcoin had a nice move towards the H1 swing-high, which is now also the rangehigh for this weekend.

We're in weekend liquidity now, so not expecting big moves.

Though, I need to be careful saying that, because last weekend we dumped -10%.

On average, nothin",
612626,youtube,XRP,bullish,,unresolved,"XRP's been suffering. You look at XRP. The 50 EMA is all the way up there at 209. And we are priced at what? 180 185. 186. Yeah, we're at 186 right now. If we can confirm above the 13 EMA, I would think we're going back up to the 50. I'll p","Let's go. Welcome back, family. Hope you had a merry Christmas out there. I will be live stream trading today at 2 o'clock. So, for those who have not done it, this is this is the day we're going to finish it up this week. I'm going to see if we can keep the undefeated streak alive. First link down ",
634668,x,OPEN,bullish,,pending,"Day 98 of buying 1 share of $OPEN everyday until the price is $82/share.

Currently at 2514 shares @ $6.40 avg. https://t.co/W0jMmzOClC","Day 98 of buying 1 share of $OPEN everyday until the price is $82/share.

Currently at 2514 shares @ $6.40 avg. https://t.co/W0jMmzOClC",
611834,youtube,GLD,bullish,,pending,"When we think about risk, we need to be realists. Gold is a flight to safety asset, and alternative assets have historically fared well in times of turmoil."," the way that our system is built. So how can you hedge against this sort of a black swan? Well, people always think, you know, guns and gold, right? When we think about risk, we need to be realists. You see that big volcano? that could blow up right now and kill me, but it won't because I stood on ",
612530,youtube,UUP,bearish,,unresolved,"Now, I'd say what's most shocking about this selloff is not about what's happened in equity markets, which as I say is classic risk off. It's the fact that the dollar has sold off as well. The dollar has not rallied during this selloff. It'","ples and healthcare have done okay. And the sectors which have been responsible for a lot of the growth of the S&P, those have sold off most sharply. Now, I'd say what's most shocking about this selloff is not about what's happened in equity markets, which as I say is classic risk off. It's the fact",
633889,x,MU,bullish,1200.0,pending,"$MU
Entering an area of interest. Could get choppy or potential retracement. Target is 1200 but this area could be rough on longs before it gets up there https://t.co/fnj9aKocsL","$MU
Entering an area of interest. Could get choppy or potential retracement. Target is 1200 but this area could be rough on longs before it gets up there https://t.co/fnj9aKocsL",
611543,youtube,UUP,bullish,,pending,"raising interest rates generally strengthens the dollar. And that's why gold investors are saying, if the Federal Reserve Bank has to raise interest rates, that means reducing the amount of dollars out there, which ultimately strengthens th"," talking about raising interest rates, but everybody outside of the Federal Reserve Bank is saying we might have to start raising interest rates, and raising interest rates generally strengthens the dollar. And that's why gold investors are saying, ""Huh, if the Federal Reserve Bank has to raise inte",
630917,youtube,SMR,bearish,,pending,we're not really seeing uh how this firm can Thrive and this just spells it out so take a look at their revenues there and their cost of revenues first of all when you have cogs that's close to revenues that's not good because it means that,otiating table and things are only one new Administration away from changing and then when we look at new scale so in our notes field we said that uh we're not really seeing uh how this firm can Thrive and this just spells it out so take a look at their revenues there and their cost of revenues firs,
628487,youtube,CPB,bullish,,pending,"I highlighted packaged foods names like General Mills, GIS, and the Campbell Company CPB last week as solid long-term safety plays."," the ticker XLP, which holds all 36 companies in the S&P 500, the largest staples companies in the United States and is a good overall investment. Or I highlighted packaged foods names like General Mills, GIS, and the Campbell Company CPB last week as solid long-term safety plays. Real estate stocks",
632901,x,FIVN,bullish,,pending,"$FIVN putting this on your radar. 👀

Expecting a wave 1 top soon. Wave 2 is the buy.

Wave 3 target: +112% 🚀

It really is that simple. https://t.co/JcuP6ZQ1SF","$FIVN putting this on your radar. 👀

Expecting a wave 1 top soon. Wave 2 is the buy.

Wave 3 target: +112% 🚀

It really is that simple. https://t.co/JcuP6ZQ1SF",
624296,youtube,SPY,bullish,,delisted,one could be a small portion of cash this is just the money that you're going to keep on the sidelines to be able to take up any good buying opportunity that you see I'm not going to tell you to go all cash or wait for the bottom because no,ey especially now when the markets are down as far as what you could be investing in to protect your money within these accounts here are my thoughts one could be a small portion of cash this is just the money that you're going to keep on the sidelines to be able to take up any good buying opportuni,
625454,youtube,AXON,bullish,,pending,that is a perfect example of a company that is going to benefit from all of the other layers happening underneath it as time goes on,"vice company, but there's lots of embedded software there. Also, there's a lot of actual subscription software as a service going on now as well, but that is a perfect example of a company that is going to benefit from all of the other layers happening underneath it as time goes on. Because the ulti",
625856,youtube,BBWI,bullish,,pending,this stock I would love to start a position somewhere in the $15 to $20 range for this particular one,"Hold your ground. I spoke about it in the reaction channel last night. Sometimes in the stock market, ladies and gentlemen, you just got to hold your ground. And that's what we're trying to do in the public count public account. Down 9K today. We'll take that on a day when the Dow's down 300. We're ",
607402,youtube,META,bullish,,pending,"A lot of the big tech companies who already had the best and most profitable businesses, they are in an extremely strong position to take advantage of this long-term growth. As an example, companies like Alphabet, the parent company of Goog","he big tech giants. And today I'm going to be diving into Microsoft. But I don't just mean Microsoft. This AI boom is going to be a massive wave. And a lot of the big tech companies who already had the best and most profitable businesses, they are in an extremely strong position to take advantage of",
614882,youtube,EVENT,bullish,,delisted,"I think over 60 70,000 is too strong. Uh if it's too weak, like it's heavily negative, which doesn't seem likely based on where all the estimates, uh then then people will be worried about a recession, right? I do you like there's a balance","ted to see it. I do you like there's a balance here. If if it's too strong, we totally kill the odds of a rate cut in December and that gets bearish. I think over 60 70,000 is too strong. Uh if it's too weak, like it's heavily negative, which doesn't seem likely based on where all the estimates, uh ",
612297,youtube,VIX,bullish,,delisted,"If you start to see the VIX pop when the market's going up, that should that should surprise you. Should be like something's going on here right now. VIX popped over 4% today now strange strange.",". But this feels like some individuals out there starting to brace for something coming here down down the road and likely within the next few weeks. If you start to see the VIX pop when the market's going up, that should that should surprise you. Should be like something's going on here right now. ",
633885,x,BTC,bullish,79500.0,pending,"$BTC

Price is ranging after yesterday's push to 78.8k. OI dipped slightly ( profit taking ), Trendline from 74.8k is still intact with higher lows holding.

Spot and perp CVD took a step back but its more of ranging than a pullback, 

Shor","$BTC

Price is ranging after yesterday's push to 78.8k. OI dipped slightly ( profit taking ), Trendline from 74.8k is still intact with higher lows holding.

Spot and perp CVD took a step back but its more of ranging than a pullback, 

Shorts are still getting liquidated even on the consolidation.

",
625629,youtube,GOOGL,bullish,,pending,"If we do just get like high consolidation up here and continuation, of course, your all-time high target is on the table.","ne. Your 50 SMA will slowly start to curl back higher. 311 would be where I'd like to see that start to see that uh step up in a more meaningful way. If we do just get like high consolidation up here and continuation, of course, your all-time high target is on the table. It's going over to Broadcom.",
613000,youtube,SH,bullish,,unresolved,Unemployment claims have hit their highest level in four years. And we just saw a report about October job losses hitting a 22-year high. That means more people are losing jobs while prices are still going up. That's stagflation.,"ecall, core inflation excludes food and energy because how volatile it is, but it's still stuck around 3% and potentially going up. At the same time, unemployment claims have hit their highest level in four years. And we just saw a report about October job losses hitting a 22-year high for October. ",
610459,youtube,SPOT,bullish,,unresolved,"Spotify is rightsizing their cost structure and running a more efficient business model. Investors know they have the talent to create future products and now they're operating more efficiently, which will drive profits. This is a positive ",today on the Joseph Carlson show we're finally in December we're getting towards the end of the year it's that time of the season when we start making New Year's resolutions when we start thinking about the future what are we going to accomplish in 2024 well I want to do the same thing with my inves,
606361,youtube,DIS,bearish,,miss,I don't know we're probably not going to own it Beyond 2024 though is my bet, me in November 2022 when Bob Iger came back as CEO that we would still own Disney over a year later I'd have been shocked so why do we still have it I don't know we're probably not going to own it Beyond 2024 though is my bet the reason we still have it though is the company obviously still has tre,
623113,youtube,GM,bullish,,pending,"I will say this though, there are more problems with having the wrong manager than with having the wrong compensation system. I mean it it it it is enormously important who runs you name the company Proctor and Gamble, Coca-Cola, American E","question, you can solve the problem. Well, Charlie and I have had plenty to say about compensation and there's and some of it makes our stomach turn. I will say this though, there are more problems with having the wrong manager than with having the wrong compensation system. I mean it it it it is en",
632042,x,BTC,bullish,65300.0,pending,"$btc Update: Mission Accomplished

🚨 ​In line with our prediction of a mature consolidation phase, today Bitcoin soared with a massive impulsive move, hitting our Full Take-Off (TP) target in the $65,300-$65,500 area.👇

​From the lower re-a","$btc Update: Mission Accomplished

🚨 ​In line with our prediction of a mature consolidation phase, today Bitcoin soared with a massive impulsive move, hitting our Full Take-Off (TP) target in the $65,300-$65,500 area.👇

​From the lower re-accumulation area to today's peak, we have guided this journe",
611580,youtube,USO,bullish,,unresolved,"After the United States attacked Iran, you have to remember the Middle East is like the world's hub of oil. And because more and more conflicts continue rising in the Middle East over the last few weeks, oil prices continue to go up."," emailed to you. So, I invite you to join me on March 18th if you are an investor, which brings me to what's going on with oil prices and gas prices. After the United States attacked Iran, you have to remember the Middle East is like the world's hub of oil. And the problem isn't just that well, mayb",
624938,youtube,V,bearish,,pending,"I don't let lies pass on this show. And if you sit there and you TELL ME, ""I AM HEALTHY."" I will not allow that.","tion. So, it's not just making fun of you for your weight, even though I'll do that on its own. But, it's not just that, but also more than anything, I don't let lies pass on this show. And if you sit there and you TELL ME, ""I AM HEALTHY."" I will not allow that. So, would I have asked the blood pres",
627232,youtube,CROX,bullish,125.0,pending,"Wall Street, they've had a high price target for quite some time, and we do see it drop to $125. That is still 60% upside into next year.","o negative 5% that is a decrease yearon-year to their free cash flow will give you such a large margin of safety. We're talking near 50% at $76. Now, Wall Street, they've had a high price target for quite some time, and we do see it drop to $125. That is still 60% upside into next year. Give us your",
609365,youtube,BTC,bearish,,hit,"But when Bitcoin's price goes below that 50week moving average level, that marked the end of the bull cycle and the beginning of the long cool off period. That's what people call the bare market. Now, I know this sounds kind of like astrolo","or the last 50 weeks, you get a certain trend line. And what Ben noticed is that when Bitcoin is in a bull cycle, it's always stayed above that line. But when Bitcoin's price goes below that 50week moving average level, that marked the end of the bull cycle and the beginning of the long cool off per",
613227,youtube,DBC,bullish,,unresolved,Since we've seen so much money being pumped into the system you can see the rise of certain commodity classes exploding over the past year or so. I think some of these also have a lot of room to run if inflation per stays persistent.,to traditional assets like stocks and bonds okay low correlation this is why commodities have basically underperformed over the last decade or so but since we've seen so much money being pumped into the system you can see the rise of certain commodity classes exploding over the past year or so i thi,
605827,youtube,BAC,bearish,13.0,unresolved,"If we start to go under the five, expect to go all the way down. And that would be about a 10. And I say all the way down to the 13 EMA. So, he'd probably dip under there. It'd be about a 10% drop.","rica. Bank of America. Let's pull up Bank of America on the monthly candles. October, November, December, January falling. Got a little trouble here. If we start to go under the five, expect to go all the way down. And that would be about a 10. And I say all the way down to the 13 EMA. So, he'd prob",
610093,youtube,WBD,bullish,,pending,if they make four five billion of free cash flow 4 five billion per year times normal p ratio of 15 that's 60 billion market capitalization which is then a free x not to mention the 100 million subscribers compare that to Netflix,ait for 2027 2028 when they will stop repaying the debt and they will start doing BuyBacks or paying dividends that could revalue the company because if they make four five billion of free cash flow 4 five billion per year times normal p ratio of 15 that's 60 billion market capitalization which is t,
610550,youtube,CAG,neutral,25.0,pending,can you buy it for mid-20s mid to low low to 20s i think you're going to get yourself a value investing perspective from the high end maybe it's probably selling for what it should be itself right now they get about a 10 return on your mone,t a sexy fun company 10 12 and a half 15 and a high return yeah guys this is a little overpriced here it's currently at 33 bucks but it's not far off can you buy it for mid-20s mid to low low to 20s i think you're going to get yourself a value investing perspective from the high end maybe it's proba,
629968,x,ASTS,bullish,,pending,"$ASTS I am even more bullish 👀

Price down 12% on Friday but this looks set to be a subwave 2, meaning larger upside ahead.

Price has found some support at the 0.618 fib. Happy adding here and at the 50DMA.

Wave 5 target: 127% 🚀 https://t","$ASTS I am even more bullish 👀

Price down 12% on Friday but this looks set to be a subwave 2, meaning larger upside ahead.

Price has found some support at the 0.618 fib. Happy adding here and at the 50DMA.

Wave 5 target: 127% 🚀 https://t.co/gQu6VBjYR8",
622953,youtube,SH,bullish,,delisted,now this might be a topic for another time but I personally think that outright default is the honest way to go when we go over the other three scenarios you might see why and it would result in yes a lot of economic pain but allow us to re, could plunge the world into to a financial crisis many also think that right now the odds of a debt default is higher than it has been in many years now this might be a topic for another time but I personally think that outright default is the honest way to go when we go over the other three scenar,
635030,x,AIO,bullish,,pending,"🔥 Massive Buy-Side Volume on $AIO  at 3.3x

- Given the 3.3x volume surge and all indicators bullish, I expect further upside is likely, but a short-term pullback to shake out weak hands before the next leg up wouldn't surprise me.
- My pre","🔥 Massive Buy-Side Volume on $AIO  at 3.3x

- Given the 3.3x volume surge and all indicators bullish, I expect further upside is likely, but a short-term pullback to shake out weak hands before the next leg up wouldn't surprise me.
- My preferred trade: Wait for a retrace into the 0.1268–0.1208 supp",
612989,youtube,SPY,bearish,,miss,"When I sit there and I see the bank teller at my local bank telling me that he loves Coinbase and Bitcoin and that the waitress is buying Bitcoin and buying Nvidia and buying Palantir, that's where I stand. But, just because a bubble might ","what and they're giving him advice on what to buy, it means things are too easy. So, where do you think we are right now? I'll tell you what I think. When I sit there and I see the bank teller at my local bank telling me that he loves Coinbase and Bitcoin and that the waitress is buying Bitcoin and ",
634649,x,OPEN,bullish,,pending,"Day 120 of buying 1 share of $OPEN everyday until the price is $82/share.

Currently at 2635 shares @ $6.32 avg. https://t.co/n6D3ANFxep","Day 120 of buying 1 share of $OPEN everyday until the price is $82/share.

Currently at 2635 shares @ $6.32 avg. https://t.co/n6D3ANFxep",
631950,x,C,bullish,,pending,"🐂 8.3x Unusual Buying Volume on $C , what's behind this move?

- With the extreme volume spike and all indicators bullish, the likelihood of further upside is high, but after such a big move, a brief retracement is very possible. I expect p","🐂 8.3x Unusual Buying Volume on $C , what's behind this move?

- With the extreme volume spike and all indicators bullish, the likelihood of further upside is high, but after such a big move, a brief retracement is very possible. I expect price to either retest the 0.0948–0.0934 area or sweep the 0.",
624948,youtube,AVGO,bearish,,pending,कि वो रिपेयर हो ही नहीं सकता। हो ही नहीं है। बेकार हो गया है वो बिज़नेस। तब भी ठीक है। जिस रीज़न से आपने इन्वेस्ट किया था वो रीज़न अब एकिस्ट नहीं करता।,"विडेट नहीं करोगे, तो प्रॉब्लम हो जाएगा। तो ठीक है। हमने इन्वेस्ट किया ही क्यों है कि जब जरूरत आए तो हम निकाल सकें। ठीक है? बिज़नेस इतना खराब हो गया है कि वो रिपेयर हो ही नहीं सकता। हो ही नहीं है। बेकार हो गया है वो बिज़नेस। तब भी ठीक है। जिस रीज़न से आपने इन्वेस्ट किया था वो रीज़न अब एकिस्ट नहीं करता। ज",
610570,youtube,DKS,bullish,,pending,look at them okay so i lied i'm gonna pull over here yeah so let's look at this because this is kind of power stock looking it's um overall for its major moving averages it keeps making all-time highs today it touched another all-time high ,dicks sporting goods like how did that dks i did that's why i'm the host was that a slip of the tongue that was very planned that's why i cut you off look at them okay so i lied i'm gonna pull over here yeah so let's look at this because this is kind of power stock looking it's um overall for its ma,
633244,x,LUNR,bullish,39.68,pending,"$LUNR | +50% Since Our April 6 Projection

+50% in 5 weeks.

Price has now reached our full price target zone.

IF price holds above $36.51, I am sharing one more level, which for me would be the final wave target at $39.68.

Congrats to th","$LUNR | +50% Since Our April 6 Projection

+50% in 5 weeks.

Price has now reached our full price target zone.

IF price holds above $36.51, I am sharing one more level, which for me would be the final wave target at $39.68.

Congrats to those who trusted the process. https://t.co/CVVPPJp2YB",
614782,youtube,INTC,bullish,,miss,"I guess how's I see Intel is moving. Hold on, I want to look at Intel here really quickly. Intel Wow, look at Intel. Oh man, right off this line 4033. And now I'll put 43. Look at that. That's a nice little surge there back to uh recent all","n, I hate to say it, but like I've I canceled my $200 a month GPT subscription and I just used the Gemini uh Pro that comes with Google Workspace. Uh I guess how's I see Intel is moving. Hold on, I want to look at Intel here really quickly. Intel Wow, look at Intel. Oh man, right off this line 4033.",
613289,youtube,SOFI,bearish,18.4,pending,"Coming into the earnings release, I had SoFi's fair value or intrinsic value calculated at around $19.75. And after I incorporated this new information, I now see this business worth $18.40.","y proprietary DCF screen and I updated the new information from SoFi. made a few adjustments and it had the impact of decreasing the intrinsic value. Coming into the earnings release, I had SoFi's fair value or intrinsic value calculated at around $19.75. And after I incorporated this new informatio",
610460,youtube,AAPL,bullish,,unresolved,"Apple doesn't create games but likely makes more money from video games than almost any other company in the world through their App Store platform. Just like Apple benefits from video games without creating them, companies don't need to be",today on the Joseph Carlson show we're finally in December we're getting towards the end of the year it's that time of the season when we start making New Year's resolutions when we start thinking about the future what are we going to accomplish in 2024 well I want to do the same thing with my inves,
624648,youtube,AX,bullish,,unresolved,"Space may be volatile, but its trajectory is clear. For long-term investors willing to withstand a bit of turbulence, the opportunity is well, astronomical."," make sure you're happy with the percentage allocation in the portfolio tool and gain other insights on how it sits amongst your broader investments. Space may be volatile, but its trajectory is clear. For long-term investors willing to withstand a bit of turbulence, the opportunity is well, astrono",
633185,x,CRWV,bullish,,pending,"$CRWV | Bullish Setup Update

Can it get any more ACCURATE than this?

Price hit our reversal zone, reversed exactly as projected, and is now supported by that zone along with both the daily MA50 and MA200.

Price is up +4% pre-market follo","$CRWV | Bullish Setup Update

Can it get any more ACCURATE than this?

Price hit our reversal zone, reversed exactly as projected, and is now supported by that zone along with both the daily MA50 and MA200.

Price is up +4% pre-market following $NVDA's new Vera CPU announcement, with $CRWV being one",
630477,x,FET,bullish,,pending,"$FET with the breakout + retest.

Time to send this one to $0.30. https://t.co/UXaYsKqG7X","$FET with the breakout + retest.

Time to send this one to $0.30. https://t.co/UXaYsKqG7X",
632829,x,BTBT,bullish,1.84,pending,"$BTBT  didn’t bottom; it bounced. Price $1.74 (+2.4% today) sits near your “neckline,” but Q1 showed a large net loss and dilution risk while ETH treasury swings with volatility. 
WAIT below $1.84; ENTER only on a strong close above $1.84 w","$BTBT  didn’t bottom; it bounced. Price $1.74 (+2.4% today) sits near your “neckline,” but Q1 showed a large net loss and dilution risk while ETH treasury swings with volatility. 
WAIT below $1.84; ENTER only on a strong close above $1.84 with volume. Not financial advice, can make mistakes.",
616105,youtube,MGY,bullish,,delisted,"They're reporting in early May as well, so we'll be watching, but a lot can happen between April 7th and May 7th, or May 6th, this is the day they're reporting on. So, that's forever in what's happening with oil. So, be sure to keep an eye ","They're reporting in early May as well, so we'll be watching, but a lot can happen between April 7th and May 7th, or May 6th, this is the day they're reporting on. So, that's forever in what's happening with oil. So, be sure to keep an eye on everything going on with these energy stocks.",
632854,x,SES,bullish,,pending,"$SES  failed the bounce. Price −9% today, below the 50‑day and under intraday VWAP, with a 1.02 tape against a $1.12 VWAP. Headlines stack class‑action risk, and Q1 gross margin collapsed to 18% as mix shifted to ESS. WAIT below $1.07; only","$SES  failed the bounce. Price −9% today, below the 50‑day and under intraday VWAP, with a 1.02 tape against a $1.12 VWAP. Headlines stack class‑action risk, and Q1 gross margin collapsed to 18% as mix shifted to ESS. WAIT below $1.07; only ENTER on a strong reclaim close.",
633156,x,SOFI,bullish,,pending,"To those who think I’m short $SOFI just because I point out the uncomfortable truth permabulls are ignoring — it’s the complete opposite.

I’m bullish.  

Picked up this short-term trade position yesterday 

(already posted the details). ht","To those who think I’m short $SOFI just because I point out the uncomfortable truth permabulls are ignoring — it’s the complete opposite.

I’m bullish.  

Picked up this short-term trade position yesterday 

(already posted the details). https://t.co/Ouj9HJejM3",
627490,youtube,PROP,bullish,,pending,I see this stock moving a lot higher I know that singular research has a $20 price Target on it,e a $200 million stock offering it went down to a $40 million stock offering it means there's going to be long-term buyers in place for this stock so I see this stock moving a lot higher I know that singular research has a $20 price Target on it and we should expect more uh research coverage on it s,
607199,youtube,INTC,bearish,,hit,Intel is not going to just simply catch up to Taiwan semi by just upping its spending on capital expenditure,rter over quarter another sizable jump in those cash and equivalents I think if you've been watching us for a while now we've been saying unabashedly Intel is not going to just simply catch up to Taiwan semi by just upping its spending on capital expenditure is usually some sort of external Factor h,
624788,youtube,NVT,bullish,,pending,Visit zacks.com/bull to get seven stocks set to outperform the market over the next 30 days.,"f the Day, a Zacks Rank number one Strong Buy. >> [music] [music] >> And today's Bear of the Day, a Zacks Rank number five Strong Sell. >> [music] >> Visit zacks.com/bull to get seven stocks set to outperform the market over the next 30 days.",
631937,x,SLDP,bullish,,pending,"$SLDP No changes here 👀

Price continues to consolidate above the 200WMA.

Happy buying more here with a stop below the 200WMA.

Wave 3 target: 432% 🚀 https://t.co/xfu8JamISD","$SLDP No changes here 👀

Price continues to consolidate above the 200WMA.

Happy buying more here with a stop below the 200WMA.

Wave 3 target: 432% 🚀 https://t.co/xfu8JamISD",
630017,x,BTC,bearish,75000.0,pending,"$100-$1000 challenge
(Trade 55)
$BTC SHORT
Take profit: $75,000
SL: $79,500
Keep your notifications on for the next update.
(USE LOW LEVERAGE( 15X)  BECAUSE WE HAVE TO TAKE A WIDE SL IN THIS ONE) https://t.co/s2hnuqVrPU","$100-$1000 challenge
(Trade 55)
$BTC SHORT
Take profit: $75,000
SL: $79,500
Keep your notifications on for the next update.
(USE LOW LEVERAGE( 15X)  BECAUSE WE HAVE TO TAKE A WIDE SL IN THIS ONE) https://t.co/s2hnuqVrPU",
609680,youtube,APP,bullish,680.0,pending,"Trailing 12 month free cash flow per share of $9.77 compared to $9.14 last quarter. Free cash flow per share growth of 30% for 5 years. A terminal growth rate of 6% with a discount rate of 10% gets us to a fair value of around $680, which w","Trailing 12 month free cash flow per share of $9.77 compared to $9.14 last quarter. Free cash flow per share growth of 30% for 5 years. A terminal growth rate of 6% with a discount rate of 10% gets us to a fair value of around $680, which was the pre-market share price when we recorded this video on",
612310,youtube,UDN,bearish,,pending,"2025 was one of the worst years for the dollar in about a decade. And we've heard President Trump say publicly that he wants a weaker dollar because if we have a weaker dollar, foreign countries will be able to buy more stuff from the Unite", been propped up is because of concerns about the dollar. Is the dollar losing its dominance in the world? Is the dollar losing its strength? Because 2025 was one of the worst years for the dollar in about a decade. And we've heard President Trump say publicly that he wants a weaker dollar because i,
614646,youtube,SOFI,bearish,,unresolved,"SoFi, and this is how SoFi makes money by selling shares. So, which makes sense. I mean, that's what banks do. It works in an up market, especially with momentum. It collapses in a down market uh, very, very rapidly.","Welcome, welcome, welcome back everyone to another ston market live stream. Well, boys and girls, we have another yet another live day where now the cues are breaking out. We're breaking out, boys and girls. We're breaking out of 627. This is what we've been waiting for since November 18th when Kevi",
614276,youtube,JYNT,bullish,,unresolved,joint corp j-y-n-t uh oh he's sold a lot of that recently so this might be off on the timing for a joint corp,are they big enough to be tracked by data roma bandera partners there they are what kind of stuff does jeff graham own in bandera partners um okay so joint corp j-y-n-t uh oh he's sold a lot of that recently so this might be off on the timing for a joint corp star group uh second largest holding and,
625055,youtube,ASTS,bearish,,pending,AST SpaceMobile is getting put squarely at the bottom," for stocks. If you made these big elaborate SPAC deck promises and you missed them by a country mile, then you've lost all our trust. And that's why AST SpaceMobile is getting put squarely at the bottom alongside Rigetti and D-Wave. Like Rigetti, they're only 97% behind their SPAC deck projections.",
606864,youtube,SIG,bullish,140.0,delisted,if they ever get to 14 of non-gaap eps and the company trades at 10 times earnings this is 140 dollars per share,something seriously like that I just try to look at what they're making right now not at one energy are trying to be three to five years from now but if they ever get to 14 of non-gaap eps and the company trades at 10 times earnings this is 140 dollars per share this is more than a double of where S,
615666,youtube,SPY,neutral,,unresolved,The path of least resistance on the longer term time frame uh the weekly time frame is still clearly higher here. So I'm not going to try to fight that and and pick a top. Now if it breaks below this level it doesn't mean I'm going to just ,The path of least resistance on the longer term time frame uh the weekly time frame is still clearly higher here. So I'm not going to try to fight that and and pick a top. Now if it breaks below this level it doesn't mean I'm going to just automatically buy because I wouldn't buy the dip. I would bu,
612306,youtube,UUP,bearish,,pending,President Trump has gone out publicly and said we need a weaker dollar because that is going to contribute to a growing economy of the United States., wants to preserve the strength of the dollar. The reason why that matters again is because President Trump has been saying something very different. President Trump has gone out publicly and said we need a weaker dollar because that is going to contribute to a growing economy of the United States. ,
619166,youtube,SH,bearish,,unresolved,"And if money were not a thing, I would definitely consider spending more time there. But for now, we're off to Germany to visit friends.","And if money were not a thing, I would definitely consider spending more time there. But for now, we're off to Germany to visit friends.",
632687,x,HIMS,bullish,35.0,pending,"$35 is on the board for $HIMS short term but its very important we break that level or we could see a much steeper pullback right after.

See you soon 🫡 https://t.co/Qq8ysZY5Aj","$35 is on the board for $HIMS short term but its very important we break that level or we could see a much steeper pullback right after.

See you soon 🫡 https://t.co/Qq8ysZY5Aj",
624927,youtube,DIS,bullish,,pending,"This Kimmel return thing is a victory for free speech. It is a victory. It says that our constitution actually matters. That you don't need to be, you know, a bend the knee shill for uh uh what you know a dictator wants.","me out of that. But now we have this risk of it going too far in the pendulum in the other direction. Really Tik Tok topic for a different video. But this Kimmel return thing is a victory for free speech. It is a victory. It says that our constitution actually matters. That you don't need to be, you",
634617,x,BTC,bearish,65000.0,pending,"$BTC | Weekly

We have a major resistance zone around $71.4k–$72.7k, currently being tested as a potential bearish retest following last week’s bearish weekly close.

Rejection from this region would point toward one outcome: A move back to","$BTC | Weekly

We have a major resistance zone around $71.4k–$72.7k, currently being tested as a potential bearish retest following last week’s bearish weekly close.

Rejection from this region would point toward one outcome: A move back to the $65k lows, where a significant amount of untested liqui",
616267,youtube,LHX,bullish,,pending,"L3 Harris Technologies is another aerospace and defense contractor. Given the United States increasing budget for space and defense spending, L3 Harris is expected to grow revenues at double-digit rates this year. Increased defense spending","s trading at a forward PE ratio of 27. And several large government contracts could be awarded in 2026, which could push the stock price much higher. L3 Harris Technologies is another aerospace and defense contractor. L3 Harris produces a wide range of defense products, including airborne intelligen",
634521,x,BTC,bearish,,pending,"$BTC continues ranging.

Bitcoin is ranging since February 7th, and you can see how clean it's respected.

As you can see, I highlighted the range high and low, and three deviations outside the range.

What are range deviations? These are p","$BTC continues ranging.

Bitcoin is ranging since February 7th, and you can see how clean it's respected.

As you can see, I highlighted the range high and low, and three deviations outside the range.

What are range deviations? These are price moves where bigger players fill their orders.

For exam",
625674,youtube,PSA,bullish,,pending,Public Storage is another good one,"t's a cell phone tower, REIT, you know, looks attractive to us. Realy income again another sector triple net lease provider that looks attractive and public storage is another good one you know as well consumer cyclical got to highlight Amazon and in this case Chipotle Chipotle is an interesting one",
608265,youtube,CRM,bullish,,miss,I am going to put them fairly high on our rankings for now at number two,"st think that the complete package of Qualcomm is actually a bit more attractive than Wall Street is currently valuing it at. And uh because of that, I am going to put them fairly high on our rankings for now at number two until we see the other names on this list and then we can adjust our rankings",
614029,youtube,AAPL,bullish,190.0,hit,it looks like we're on a destiny maybe back to retest areas up here at 180 190 but there's nothing about any of this including the company's financials,ower highs lower lows we thought there was a potential to break down here to the 150 range at least temporarily that's absolutely not going to happen it looks like we're on a destiny maybe back to retest areas up here at 180 190 but there's nothing about any of this including the company's financial,
611865,youtube,UACL,bullish,,pending,"If they were to achieve the eighteen or nineteen percent growth and trade at an eighteen or nineteen PE or its growth rate, you could easily double your money over the next, say, just a little more than two-year period of time. But I also t","Hello everybody. It's Chuck Cardell, co-founder of Fast Graphs, the fundamentals analyzer software tool, also known as Mr. Valuation. The reason I'm called Mr. Valuation is because I believe value investing is such an important way to invest your capital. What does that really mean? What is value in",
634843,x,CRDO,bullish,,pending,"Re $crdo

CY Q4 26, Q1 27 should be exciting as they are expecting an inflection, which will be driven by their optical portfolio.

Bill then followed by saying ""We feel confident that we're going to achieve a very aggressive ramp in the se","Re $crdo

CY Q4 26, Q1 27 should be exciting as they are expecting an inflection, which will be driven by their optical portfolio.

Bill then followed by saying ""We feel confident that we're going to achieve a very aggressive ramp in the second half of our fiscal year and even more than double or tr",
614886,youtube,SPY,bullish,,hit,"So, uh, we should have a pretty clean path in the alpha report. What was it yesterday? We're looking at call options for 60 I think it was 607 I think it was 607 on the Q's for Friday and uh right now the Q's are looking at 610 so and and w","Welcome, welcome. So, we've got a big report first thing in the morning tomorrow. A couple of big reports. Let's go ahead and hit both of these quickly. Uh, and keep it nice and short for tonight. Few things to cover, not just the report, but we'll also touch on mortgages in just a moment. Uh, a lit",
614921,youtube,SH,bullish,,unresolved,"We're seeing so much foreshadowing of real private credit risk that likely trickles over to the banking sector that we might just be a hair trigger away from a true shock. The real risk is that we don't have a COVID V-shaped recovery, but t","ng up. Like just load up."" You know, who knows? Maybe consumer stocks are cheap or whatever. Great. Everything will be fine. The problem with this is we're seeing so much foreshadowing of real private credit risk that likely trickles over to the banking sector that we might just be a hair trigger aw",
634108,x,BTC,bearish,,pending,"$BTC update & trading plan

Got the bounce exactly from the POI we were watching

> Right now strong perp flows are coming in again -> a lot of longs trying to push this back into the range highs.
> As long as spot doesn’t step in, I still ","$BTC update & trading plan

Got the bounce exactly from the POI we were watching

> Right now strong perp flows are coming in again -> a lot of longs trying to push this back into the range highs.
> As long as spot doesn’t step in, I still view this as temporary positioning rather than real acceptan",
614124,youtube,FTNT,bullish,,pending,Fortinet stock is rated four stars. Trades at a 22% discount to fair value. We're looking for compound annual growth rate of over 13% for the next 5 years. Looking for earnings growth rate of almost 16% over that 5-year period.,"[Music] Hey. [Music] Hello and welcome to the morning filter. I'm Susan Jabinsky with Morning Star. Every Monday morning before market open, Morning Star chief US market strategist Dave Sakara and I sit down to talk about what investors should have on their radars for the week, some new Morning Star",
609156,youtube,AMZN,bullish,,pending,this is how the next 5 years of free cash flow look for Alibaba this is how the next five years of free cash flow Look for amazon that's a big difference guys from 38 billion up to 133 billion because the Capa cycle for Amazon is pretty clo, decline in some years because they're now heavily investing into Alibaba cloud and in their International businesses and in many different places so this is how the next 5 years of free cash flow look for Alibaba this is how the next five years of free cash flow Look for amazon that's a big differe,
630302,youtube,AAPL,bearish,,pending,"So, I am expecting to see Amazon's and Apple's cash flows decline in the second quarter. And I am going to be preparing for that."," is most likely going to cause these companies cash flows to decline as they're spending more than they normally would on increasing their inventory. So, I am expecting to see Amazon's and Apple's cash flows decline in the second quarter. And I am going to be preparing for that. Now, moving on, Larr",
616463,youtube,SH,bullish,,unresolved,"If we're no longer able to sell software related goods to China, which could include everything from computers all the way to jet engines and airplanes, if we're no longer able to sell those to China, then that means our economy is going to","es from selling anything software related to China that caused stocks to go down. You have to understand that China is our biggest trade partner. So, if we're no longer able to sell software related goods to China, which could include everything from computers all the way to jet engines and airplane",
607754,youtube,TSLA,bullish,,pending,"Arc actually just updated their price targets for Tesla back in June giving Tesla a base price of $2600 per share by 2029 that's over a 1,000% increase from where it trades today day and even in the bare case scenario they expect it to rise","Arc actually just updated their price targets for Tesla back in June giving Tesla a base price of $2600 per share by 2029 that's over a 1,000% increase from where it trades today day and even in the bare case scenario they expect it to rise to $2,000 that's an 800% increase and in the bull case they",
611620,youtube,TBT,bearish,,pending,"If inflation ever becomes a problem, if there's ever a concern about the value of the dollar, it could force a Federal Reserve Bank, the central bank, to hike up interest rates again. If that were to happen and interest rates were to go up,"," happen, it could drive up interest rates. Now, this may not happen in one year or two years or even five years, but let's start thinking about that. If inflation ever becomes a problem, if there's ever a concern about the value of the dollar, it could force a Federal Reserve Bank, the central bank,",
624862,youtube,BTC,bullish,,pending,"So, in this video, I want to talk about what's being built, how this affects the investment markets, and what's going to happen to the idea of money itself. So, with that said, let's get into it."," that will modernize how citizens interact with public services. >> That's why some people believe that this was a prophecy that came from the Bible. So, in this video, I want to talk about what's being built, how this affects the investment markets, and what's going to happen to the idea of money i",
633687,x,ETC,bearish,,pending,"ETC – SHORT

📈Entry: 7.455

🚀Take Profit Levels:

7.378
7.249
7.127
6.745

📉Stop Loss: 7.828

📝Once the first take profit is reached, move the stop loss to the entry price. https://t.co/tUrC2gTj5D","ETC – SHORT

📈Entry: 7.455

🚀Take Profit Levels:

7.378
7.249
7.127
6.745

📉Stop Loss: 7.828

📝Once the first take profit is reached, move the stop loss to the entry price. https://t.co/tUrC2gTj5D",
634695,x,OPEN,bullish,,pending,"Day 62 of buying 1 share of $OPEN everyday until the price is $82/share.

Currently at 2016 shares @ $6.80 avg https://t.co/Twa2jInbPE","Day 62 of buying 1 share of $OPEN everyday until the price is $82/share.

Currently at 2016 shares @ $6.80 avg https://t.co/Twa2jInbPE",
634664,x,OPEN,bullish,,pending,"Day 102 of buying 1 share of $OPEN everyday until the price is $82/share.

Currently at 2617 shares @ $6.32 avg. https://t.co/gjXNcgrqEe","Day 102 of buying 1 share of $OPEN everyday until the price is $82/share.

Currently at 2617 shares @ $6.32 avg. https://t.co/gjXNcgrqEe",
323094,x,BTC,bullish,,hit,"Why You NEED 1/10th of a $BTC NOW 
$10,000,000 per #BTC is the math, not Hype 

Current: ~$67k BTC = ~$1.34T Market Cap 
Target: ~$210T Fully Diluted Cap (21M Supply) 

That's just conservative fractions from existing markets shifting to @B","Why You NEED 1/10th of a $BTC NOW 
$10,000,000 per #BTC is the math, not Hype 

Current: ~$67k BTC = ~$1.34T Market Cap 
Target: ~$210T Fully Diluted Cap (21M Supply) 

That's just conservative fractions from existing markets shifting to @Bitcoin's superior scarcity over time: 

20 to 30 percent of ",
624670,youtube,BAC,bullish,,pending,"Video title: US-Iran War | Will this rally sustain? | CA Rachana Ranade Channel: CA Rachana Phadke Ranade Published: 2026-05-08 Transcript: ot saying at all that all IPOs will give such multiagger returns. No, for those who have been follow","Hey folks, see here and I welcome you all to Friday live stream because yesterday I was in Mumbai. I was there for an event uh and I tried my level best to come back uh in time but uh somehow the event got a little bit delayed and uh I came back almost at I think quarter to 11 so then it made no sen",
632562,x,LEGN,bullish,,pending,"4h reclaim attempt in a name that’s up +68.67% YTD, but still -39.4% off the ATH. Entry at 36.31, scale out higher, invalidation if 32.15 breaks. Where's your invalidation?

$LEGN
Entry: 36.31
TP1: 40.89
TP2: 45.46
TP3: 50.04
SL: 32.15

Whe","4h reclaim attempt in a name that’s up +68.67% YTD, but still -39.4% off the ATH. Entry at 36.31, scale out higher, invalidation if 32.15 breaks. Where's your invalidation?

$LEGN
Entry: 36.31
TP1: 40.89
TP2: 45.46
TP3: 50.04
SL: 32.15

Where's your invalidation? https://t.co/DPEzcObkrx",
623883,youtube,RDDT,bullish,,hit,I've been bullish on Reddit stock this year in 2025. And the whole industry is a lucrative industry. The worldwide amount that advertisers will spend in 2025 on spending on advertising will approach a trillion dollars and that figure will b,"All right, Reddit stock is falling recently, mostly due to a warning, a negative analysis published by Wells Fargo Analyst that highlighted some of the risks to the company's near-term and longerterm growth prospects. I'm going to share with you those details and why the analyst grew more pessimisti",
606520,youtube,UL,bullish,45.0,pending,i'd probably pay 45 bucks a share for this thing,3 negative on the uh on that one free cash flow uh seven seven seven so twenty one forty one i'd probably pay it's currently at sixty dollars a share i'd probably pay 45 bucks a share for this thing and by the way this is all off the cuff now remember when i say that i think it's worth 45 a share me,
634456,x,GOAT,bullish,,pending,"$GOAT

Planning LONG here around 0.01$ - 0.015$. Next target is 0.03 - 0.05$ in long-term hold

$BTC $ETH #Crypto #Altcoins #trading #Memecoins #investing

🚀𝗧𝗔𝗣 𝗜𝗡 𝗧𝗢 𝗝𝗢𝗜𝗡 𝗧𝗚👇🏻

        https://t.co/gPxsn5APBa https://t.co/9g6Dys1JhI","$GOAT

Planning LONG here around 0.01$ - 0.015$. Next target is 0.03 - 0.05$ in long-term hold

$BTC $ETH #Crypto #Altcoins #trading #Memecoins #investing

🚀𝗧𝗔𝗣 𝗜𝗡 𝗧𝗢 𝗝𝗢𝗜𝗡 𝗧𝗚👇🏻

        https://t.co/gPxsn5APBa https://t.co/9g6Dys1JhI",
629468,youtube,META,bearish,,pending,Meta looking for downside under 70825 or lower highs at 71650,"rift, right? Daily drift here. This is going to look like nothing more than a lower high in hindsight. And uh Meta does not play recovery. That's it. Meta looking for downside under 70825 or lower highs at 71650. Moving along to Tesla. Tesla will be interesting and I probably think it's a better sho",
614865,youtube,NVDA,bearish,,pending,"Michael Bur will be right in the future, but I don't think Michael Bur is why markets actually sold off today. The Bur depreciation trade has everything to do with an issue that comes after the bubble bursts. In the future, the value of the","at 204 right now in the after hours. This is insane. So what the hell happened? Was Michael Bur right? Well, let me make it very clear in this video. Michael Bur will be right in the future, but I don't think Michael Bur is why markets actually sold off today. I actually think it has a lot more to d",
616449,youtube,SPY,bullish,,hit,August is going to be volatile it might be a completely sideways month the opportunities are most likely ahead in November December maybe October August and September not expected to be great months they're going to be extremely volatile,ur in the world that's going to cause you to sell now I'm going to reiterate what I said a few days ago on our Discord server and they said look guys August is going to be volatile it might be a completely sideways month the opportunities are most likely ahead in November December maybe October Augu,
614779,youtube,UUP,bearish,,unresolved,"I actually think the Supreme Court killing the tariffs would be the best possible thing for the economy. you would juice the economy with a task tax cut at Costco, Target, Walmart, uh grocery, everything gets cheaper if you kill these tarif","apses the AI bubble. Kind of scary. But anyway, Donald Trump here is setting up for this idea that, hey, Supreme Court, please don't kill my tariffs. I actually think the Supreme Court killing the tariffs would be the best possible thing for the economy. you would juice the economy with a task tax c",
626776,youtube,KMB,bullish,,pending,I also believe Kimberly Clark is undervalued. This is a stock I've been recommending as an undervalued dividend stock because of the significant undervaluation.,for Kimberly Clark because you'll be getting a lot of their share price. And I updated my calculation for the intrinsic value for Kimberly Clark. And I also believe Kimberly Clark is undervalued. This is a stock I've been recommending as an undervalued dividend stock because of the significant under,
632523,x,ARM,bearish,,pending,"TP1 hit, $ARM SHORT
target 317.67 touched at 316.8 (53.3h after entry)

Holding through TP2 or trimming?","TP1 hit, $ARM SHORT
target 317.67 touched at 316.8 (53.3h after entry)

Holding through TP2 or trimming?",
631746,x,BONK,bullish,,pending,"$1000BONK /USDT - Long🟢

Entry: 0.00438
Stop Loss: 0.00414

Target 1: 0.00449
Target 2: 0.00459
Target 3: 0.00501

Leverage: x16","$1000BONK /USDT - Long🟢

Entry: 0.00438
Stop Loss: 0.00414

Target 1: 0.00449
Target 2: 0.00459
Target 3: 0.00501

Leverage: x16",
605678,youtube,CMCSA,bullish,41.0,miss,"Even after its runup, we think Comcast stock still looks undervalued relative to our $41 fair value estimate.","broadband provider in the US. That said, results have been weak, but as this year's rally in the stock price suggests, the market has expected worse. Even after its runup, we think Comcast stock still looks undervalued relative to our $41 fair value estimate. For more stock ideas, be sure to tune in",
631771,x,INTU,bullish,813.0,pending,"$INTU

falling knife or generational opportunity?

$INTU is oversold.

The weekly RSI is at 27.

I expect $INTU to turn above $242 support! 

$INTU pt $813.

This is not investment advice. https://t.co/Hh3nyoLy0r","$INTU

falling knife or generational opportunity?

$INTU is oversold.

The weekly RSI is at 27.

I expect $INTU to turn above $242 support! 

$INTU pt $813.

This is not investment advice. https://t.co/Hh3nyoLy0r",
614128,youtube,SHW,bearish,,hit,"Sherwin Williams announced it was eliminating its 401k match. Even before that news came out, the stock was already trading at over 38% premium to our fair value. The stock is definitely overvalued in our mind.","[Music] Hey. [Music] Hello and welcome to the morning filter. I'm Susan Jabinsky with Morning Star. Every Monday morning before market open, Morning Star chief US market strategist Dave Sakara and I sit down to talk about what investors should have on their radars for the week, some new Morning Star",
607686,youtube,PG,bullish,,pending,I view Proctor and Gamble as a candidate to at the very least match the return of the market and we're looking at the quality of business that Proctor gamble is you can see that reflected in their margins they have a very high growth margin,t total return you can see it's about 8% over the last 10 years per year year-to dat alone we're at 16% and in the last one year we've returned 99.5% I view Proctor and Gamble as a candidate to at the very least match the return of the market and we're looking at the quality of business that Proctor,
627286,youtube,COIN,bullish,,pending,It also wants to become part of the new payments infrastructure and so is evolving strategies that way as well.," gone global. It just bought Derabit, which is the largest options exchange out there. And it is the most regulatory compliant exchange in the world. It also wants to become part of the new payments infrastructure and so is evolving strategies that way as well. Coinbase as a stock, it has had a very",
608632,youtube,MO,bullish,,hit,I actually believe the company was undervalued I thought those dividend payments were sustainable and they can continue to grow those dividend payments at a low rate moving forward, here you can see I'm currently up around 38.7% on this position I don't typically buy companies with a starting dividend yield as high as Altria but I actually believe the company was undervalued I thought those dividend payments were sustainable and they can continue to grow those dividend payment,
605954,youtube,XOM,bullish,,pending,in conclusion i think the oil and gas business is poised to do well in 2022 so their stocks will likely follow suit,in conclusion i think the oil and gas business is poised to do well in 2022 so their stocks will likely follow suit,
612758,youtube,TSLA,bullish,,hit,I kind of say Tesla stock starting to look pretty attractive again but if you want to know more about the risks and concerns for investing in Tesla right now, pay for the Twitter deal from its high so Tesla stock has now lost almost half of its entire value in what has been a very large crash at this point I kind of say Tesla stock starting to look pretty attractive again but if you want to know more about the risks and concerns for investing in Tesla ri,
614616,youtube,SATS,bullish,,pending,"Rocket Lab at least it's selling for 52.6 times less than SpaceX. Yeah. Take SpaceX's $1.5 trillion potential IPO valuation divided by 52.6 and you get Rocket Lab. Now, Rocket Lab's founder really likes big logos.","hole company could go bankrupt. The other parts of their business could go bankrupt. So obviously there's risk, right? Then you got Rocket Lab. Okay. Rocket Lab at least it's selling for 52.6 times less than SpaceX. Yeah. Take SpaceX's $ 1.5 trillion potential IPO valuation divided by 52.6 and you g",
632761,x,ORCL,bullish,185.0,pending,"$ORCL  -11% to ~$178 after confirming a 2027 gross‑margin step‑down and tens of billions in new AI capex and financing. Cloud demand and RPO balloon, but free cash flow is getting back‑loaded while debt and lease obligations ramp.

I only T","$ORCL  -11% to ~$178 after confirming a 2027 gross‑margin step‑down and tens of billions in new AI capex and financing. Cloud demand and RPO balloon, but free cash flow is getting back‑loaded while debt and lease obligations ramp.

I only TAKE $ORCL on a daily close back above $184–$186 to prove abs",
